{
	"credit": "Made with Blockbench",
	"texture_size": [64, 64],
	"textures": {
		"0": "./katana",
		"particle": "./katana"
	},
	"elements": [
		{
			"from": [7, -3, 8],
			"to": [9, 31, 8],
			"faces": {
				"north": {"uv": [1.75, 0.25, 1.25, 8.75], "texture": "#0"},
				"east": {"uv": [0, 0, 0, 8.5], "texture": "#missing"},
				"south": {"uv": [1.25, 0.25, 1.75, 8.75], "texture": "#0"},
				"west": {"uv": [0, 0, 0, 8.5], "texture": "#missing"},
				"up": {"uv": [0.5, 0, 0, 0], "texture": "#missing"},
				"down": {"uv": [0.5, 0, 0, 0], "texture": "#missing"}
			}
		},
		{
			"from": [6, -3, 8],
			"to": [7, 29, 8],
			"faces": {
				"north": {"uv": [1, 0.75, 1.25, 8.75], "texture": "#0"},
				"east": {"uv": [1, 0.75, 1.25, 8.75], "texture": "#0"},
				"south": {"uv": [1, 0.75, 1.25, 8.75], "texture": "#0"},
				"west": {"uv": [1, 0.75, 1.25, 8.75], "texture": "#0"},
				"up": {"uv": [1, 0.75, 1.25, 8.75], "texture": "#0"},
				"down": {"uv": [1, 0.75, 1.25, 8.75], "texture": "#0"}
			}
		},
		{
			"from": [8, 31, 8],
			"to": [9, 32, 8],
			"faces": {
				"north": {"uv": [1.5, 0, 1.75, 0.25], "texture": "#0"},
				"east": {"uv": [1.5, 0, 1.75, 0.25], "texture": "#0"},
				"south": {"uv": [1.5, 0, 1.75, 0.25], "texture": "#0"},
				"west": {"uv": [1.5, 0, 1.75, 0.25], "texture": "#0"},
				"up": {"uv": [1.5, 0, 1.75, 0.25], "texture": "#0"},
				"down": {"uv": [1.5, 0, 1.75, 0.25], "texture": "#0"}
			}
		},
		{
			"from": [6.5, -3, 6],
			"to": [8.5, -2.5, 10],
			"faces": {
				"north": {"uv": [3.5, 12.5, 3, 11.5], "texture": "#0"},
				"east": {"uv": [3.5, 12.5, 3, 11.5], "texture": "#0"},
				"south": {"uv": [3.5, 12.5, 3, 11.5], "texture": "#0"},
				"west": {"uv": [3.5, 12.5, 3, 11.5], "texture": "#0"},
				"up": {"uv": [3.5, 12.5, 3, 11.5], "texture": "#0"},
				"down": {"uv": [3.5, 12.5, 3, 11.5], "texture": "#0"}
			}
		},
		{
			"from": [8.5, -3, 7.1],
			"to": [10.5, -2.5, 9.1],
			"faces": {
				"north": {"uv": [3.75, 12.5, 3.25, 12], "texture": "#0"},
				"east": {"uv": [3.75, 12.5, 3.25, 12], "texture": "#0"},
				"south": {"uv": [3.75, 12.5, 3.25, 12], "texture": "#0"},
				"west": {"uv": [3.75, 12.5, 3.25, 12], "texture": "#0"},
				"up": {"uv": [3.75, 12.5, 3.25, 12], "texture": "#0"},
				"down": {"uv": [3.75, 12.5, 3.25, 12], "texture": "#0"}
			}
		},
		{
			"from": [4.5, -3, 7],
			"to": [6.5, -2.5, 9],
			"faces": {
				"north": {"uv": [3.75, 12.5, 3.25, 12], "texture": "#0"},
				"east": {"uv": [3.75, 12.5, 3.25, 12], "texture": "#0"},
				"south": {"uv": [3.75, 12.5, 3.25, 12], "texture": "#0"},
				"west": {"uv": [3.75, 12.5, 3.25, 12], "texture": "#0"},
				"up": {"uv": [3.75, 12.5, 3.25, 12], "texture": "#0"},
				"down": {"uv": [3.75, 12.5, 3.25, 12], "texture": "#0"}
			}
		},
		{
			"from": [5.5, -3, 6.5],
			"to": [6.5, -2.5, 7],
			"faces": {
				"north": {"uv": [3.5, 11.5, 3.75, 11.75], "texture": "#0"},
				"east": {"uv": [3.5, 11.5, 3.75, 11.75], "texture": "#0"},
				"south": {"uv": [3.5, 11.5, 3.75, 11.75], "texture": "#0"},
				"west": {"uv": [3.5, 11.5, 3.75, 11.75], "texture": "#0"},
				"up": {"uv": [3.5, 11.5, 3.75, 11.75], "texture": "#0"},
				"down": {"uv": [3.5, 11.5, 3.75, 11.75], "texture": "#0"}
			}
		},
		{
			"from": [5.5, -3, 9],
			"to": [6.5, -2.5, 9.5],
			"faces": {
				"north": {"uv": [3.5, 12, 3.75, 12.25], "texture": "#0"},
				"east": {"uv": [3.5, 12, 3.75, 12.25], "texture": "#0"},
				"south": {"uv": [3.5, 12, 3.75, 12.25], "texture": "#0"},
				"west": {"uv": [3.5, 12, 3.75, 12.25], "texture": "#0"},
				"up": {"uv": [3.5, 12, 3.75, 12.25], "texture": "#0"},
				"down": {"uv": [3.5, 12, 3.75, 12.25], "texture": "#0"}
			}
		},
		{
			"from": [8.5, -3, 9.1],
			"to": [9.5, -2.5, 9.6],
			"faces": {
				"north": {"uv": [3.75, 12.25, 3.5, 12], "texture": "#0"},
				"east": {"uv": [3.75, 12.25, 3.5, 12], "texture": "#0"},
				"south": {"uv": [3.75, 12.25, 3.5, 12], "texture": "#0"},
				"west": {"uv": [3.75, 12.25, 3.5, 12], "texture": "#0"},
				"up": {"uv": [3.75, 12.25, 3.5, 12], "texture": "#0"},
				"down": {"uv": [3.75, 12.25, 3.5, 12], "texture": "#0"}
			}
		},
		{
			"from": [8.5, -3, 6.6],
			"to": [9.5, -2.5, 7.1],
			"faces": {
				"north": {"uv": [3.75, 12.25, 3.5, 12], "texture": "#0"},
				"east": {"uv": [3.75, 12.25, 3.5, 12], "texture": "#0"},
				"south": {"uv": [3.75, 12.25, 3.5, 12], "texture": "#0"},
				"west": {"uv": [3.75, 12.25, 3.5, 12], "texture": "#0"},
				"up": {"uv": [3.75, 12.25, 3.5, 12], "texture": "#0"},
				"down": {"uv": [3.75, 12.25, 3.5, 12], "texture": "#0"}
			}
		},
		{
			"from": [6.1, -16, 7.5],
			"to": [8.9, -3, 8.5],
			"faces": {
				"north": {"uv": [0, 11.5, 0.75, 14.75], "texture": "#0"},
				"east": {"uv": [1, 11.5, 1.25, 14.75], "texture": "#0"},
				"south": {"uv": [0, 11.5, 0.75, 14.75], "texture": "#0"},
				"west": {"uv": [1, 11.5, 1.25, 14.75], "texture": "#0"},
				"up": {"uv": [4.25, 3.25, 3.5, 3], "texture": "#missing"},
				"down": {"uv": [0.75, 14.5, 0, 14.75], "texture": "#0"}
			}
		},
		{
			"from": [5.5, -15, 7.1],
			"to": [9.5, -14.5, 9.1],
			"faces": {
				"north": {"uv": [3, 12.25, 3.5, 12.5], "texture": "#0"},
				"east": {"uv": [3, 12.25, 3.5, 12.5], "texture": "#0"},
				"south": {"uv": [3, 12.25, 3.5, 12.5], "texture": "#0"},
				"west": {"uv": [3, 12.25, 3.5, 12.5], "texture": "#0"},
				"up": {"uv": [3, 12.25, 3.5, 12.5], "texture": "#0"},
				"down": {"uv": [3, 12.25, 3.5, 12.5], "texture": "#0"}
			}
		}
	],
	"display": {
		"thirdperson_righthand": {
			"rotation": [5, -90.5, 0],
			"translation": [0, 8.25, 3.25],
			"scale": [0.66, 0.66, 0.66]
		},
		"thirdperson_lefthand": {
			"rotation": [5, 90, 0],
			"translation": [0, 8.25, 3.25],
			"scale": [0.66, 0.66, 0.66]
		},
		"firstperson_righthand": {
			"rotation": [5, -90.5, 0],
			"translation": [3.75, 7.25, -1],
			"scale": [0.66, 0.66, 0.66]
		},
		"firstperson_lefthand": {
			"rotation": [5, -90.5, 0],
			"translation": [3.75, 7.25, -1],
			"scale": [0.66, 0.66, 0.66]
		},
		"ground": {
			"rotation": [90, 0, 90],
			"translation": [0, -2.5, 0],
			"scale": [0.66, 0.66, 0.66]
		},
		"gui": {
			"rotation": [0, 0, -45],
			"translation": [0, 0.5, 0],
			"scale": [0.54, 0.59, 0.57]
		},
		"head": {
			"rotation": [118, 90, 0],
			"translation": [0.25, -16.75, -3.5],
			"scale": [0.66, 0.66, 0.66]
		},
		"fixed": {
			"rotation": [0, 0, 90],
			"translation": [-0.5, 0, -0.5],
			"scale": [2, 2, 2]
		}
	},
	"groups": [
		{
			"name": "катана",
			"origin": [8, 8, 8],
			"color": 0,
			"children": [
				{
					"name": "лезвие",
					"origin": [8, 8, 8],
					"color": 9,
					"children": [0, 1, 2]
				},
				{
					"name": "крепление",
					"origin": [8, 8, 8],
					"color": 0,
					"children": [3, 4, 5, 6, 7, 8, 9]
				},
				{
					"name": "рукоять",
					"origin": [8, 8, 8],
					"color": 3,
					"children": [10, 11]
				}
			]
		}
	]
}