{
	"credit": "Made with Blockbench",
	"texture_size": [64, 64],
	"textures": {
		"0": "./easel",
		"particle": "./easel"
	},
	"elements": [
		{
			"from": [4, -6, -4],
			"to": [5, 27, -3],
			"rotation": {"angle": 22.5, "axis": "x", "origin": [0, -4, 0]},
			"faces": {
				"north": {"uv": [15, 5, 15.25, 9], "texture": "#0"},
				"east": {"uv": [15, 5, 15.25, 9], "texture": "#0"},
				"south": {"uv": [15, 5, 15.25, 9], "texture": "#0"},
				"west": {"uv": [15, 5, 15.25, 9], "texture": "#0"},
				"up": {"uv": [15, 5, 15.25, 9], "texture": "#0"},
				"down": {"uv": [15, 5, 15.25, 9], "texture": "#0"}
			}
		},
		{
			"from": [4, -12.6, 19],
			"to": [5, 20.4, 20],
			"rotation": {"angle": -22.5, "axis": "x", "origin": [0, -4, 0]},
			"faces": {
				"north": {"uv": [15, 5.25, 15.25, 9.25], "texture": "#0"},
				"east": {"uv": [15, 5.25, 15.25, 9.25], "texture": "#0"},
				"south": {"uv": [15, 5.25, 15.25, 9.25], "texture": "#0"},
				"west": {"uv": [15, 5.25, 15.25, 9.25], "texture": "#0"},
				"up": {"uv": [15, 5.25, 15.25, 9.25], "texture": "#0"},
				"down": {"uv": [15, 5.25, 15.25, 9.25], "texture": "#0"}
			}
		},
		{
			"from": [13.9, -11.7, 8],
			"to": [14.9, 17.3, 9],
			"rotation": {"angle": 22.5, "axis": "z", "origin": [0, -4, 0]},
			"faces": {
				"north": {"uv": [14.75, 4.5, 15, 8.5], "texture": "#0"},
				"east": {"uv": [14.75, 4.5, 15, 8.5], "texture": "#0"},
				"south": {"uv": [14.75, 4.5, 15, 8.5], "texture": "#0"},
				"west": {"uv": [14.75, 4.5, 15, 8.5], "texture": "#0"},
				"up": {"uv": [14.75, 4.5, 15, 8.5], "texture": "#0"},
				"down": {"uv": [14.75, 4.5, 15, 8.5], "texture": "#0"}
			}
		},
		{
			"from": [2.1, 5.5, -4],
			"to": [4.1, 6.5, 21],
			"rotation": {"angle": 0, "axis": "y", "origin": [0, -4, 0]},
			"faces": {
				"north": {"uv": [14.25, 8.75, 15.75, 6], "texture": "#0"},
				"east": {"uv": [14.25, 8.75, 15.75, 6], "texture": "#0"},
				"south": {"uv": [14.25, 8.75, 15.75, 6], "texture": "#0"},
				"west": {"uv": [14.25, 8.75, 15.75, 6], "texture": "#0"},
				"up": {"uv": [14.25, 8.75, 15.75, 6], "texture": "#0"},
				"down": {"uv": [14.25, 8.75, 15.75, 6], "texture": "#0"}
			}
		},
		{
			"from": [2.3, 27.5, -1],
			"to": [4.3, 28.5, 17],
			"rotation": {"angle": 0, "axis": "y", "origin": [0, -4, 0]},
			"faces": {
				"north": {"uv": [14.75, 7, 15.25, 7.5], "texture": "#0"},
				"east": {"uv": [14.75, 7, 15.25, 7.5], "texture": "#0"},
				"south": {"uv": [14.75, 7, 15.25, 7.5], "texture": "#0"},
				"west": {"uv": [14.75, 7, 15.25, 7.5], "texture": "#0"},
				"up": {"uv": [14.75, 7, 15.25, 7.5], "texture": "#0"},
				"down": {"uv": [14.75, 7, 15.25, 7.5], "texture": "#0"}
			}
		},
		{
			"from": [4, -5, 8],
			"to": [5, 32, 9],
			"rotation": {"angle": 0, "axis": "y", "origin": [0, -4, 0]},
			"faces": {
				"north": {"uv": [15, 6.75, 15, 8.5], "texture": "#0"},
				"east": {"uv": [15, 6.75, 15, 8.5], "texture": "#0"},
				"south": {"uv": [15, 6.75, 15, 8.5], "texture": "#0"},
				"west": {"uv": [15, 6.75, 15, 8.5], "texture": "#0"},
				"up": {"uv": [15, 6.75, 15, 8.5], "texture": "#0"},
				"down": {"uv": [15, 6.75, 15, 8.5], "texture": "#0"}
			}
		},
		{
			"from": [3, 6, 0],
			"to": [4, 28, 16],
			"faces": {
				"north": {"uv": [0, 5.5, 0.25, 11], "texture": "#0"},
				"east": {"uv": [0, 0, 4, 5.5], "texture": "#0"},
				"south": {"uv": [0.25, 5.5, 0.5, 11], "texture": "#0"},
				"west": {"uv": [4, 0, 8, 5.5], "texture": "#0"},
				"up": {"uv": [0.75, 9.5, 0.5, 5.5], "texture": "#0"},
				"down": {"uv": [1, 5.5, 0.75, 9.5], "texture": "#0"}
			}
		}
	],
	"display": {
		"thirdperson_righthand": {
			"translation": [3.5, 7.75, 1]
		},
		"thirdperson_lefthand": {
			"translation": [-2.75, 7.75, 1]
		},
		"firstperson_righthand": {
			"rotation": [0, -4, 0],
			"translation": [31.75, -13, -28.25]
		},
		"firstperson_lefthand": {
			"rotation": [0, 173, 0],
			"translation": [31.75, -13, -28.25]
		},
		"ground": {
			"rotation": [0, 0, -15],
			"translation": [0, 5.25, 0]
		},
		"gui": {
			"rotation": [0, 92, 0],
			"translation": [0, -2.25, 0]
		},
		"head": {
			"translation": [0, 16.25, 0]
		},
		"fixed": {
			"rotation": [-90, 0, -21],
			"translation": [0, 0, -16.75],
			"scale": [1.9, 1.9, 1.9]
		}
	},
	"groups": [
		{
			"name": "group",
			"origin": [0, 0, 0],
			"color": 0,
			"children": [0, 1, 2, 3, 4, 5]
		},
		6
	]
}