{
	"credit": "Made with Blockbench",
	"textures": {
		"0": "./ears",
		"particle": "./ears"
	},
	"elements": [
		{
			"from": [5, 0, 6],
			"to": [6, 1, 7],
			"faces": {
				"north": {"uv": [8, 9, 9, 10], "texture": "#0"},
				"east": {"uv": [8, 9, 9, 10], "texture": "#0"},
				"south": {"uv": [8, 9, 9, 10], "texture": "#0"},
				"west": {"uv": [8, 9, 9, 10], "texture": "#0"},
				"up": {"uv": [8, 9, 9, 10], "texture": "#0"},
				"down": {"uv": [8, 9, 9, 10], "texture": "#0"}
			}
		},
		{
			"from": [5, 1, 6],
			"to": [8, 2, 7],
			"faces": {
				"north": {"uv": [6, 8, 9, 9], "texture": "#0"},
				"east": {"uv": [3, 0, 4, 1], "texture": "#0"},
				"south": {"uv": [8, 0, 11, 1], "texture": "#0"},
				"west": {"uv": [5, 0, 6, 1], "texture": "#0"},
				"up": {"uv": [8, 1, 5, 0], "texture": "#0"},
				"down": {"uv": [3, 0, 0, 1], "texture": "#0"}
			}
		},
		{
			"from": [5, 2, 6],
			"to": [7, 3, 7],
			"faces": {
				"north": {"uv": [7, 7, 9, 8], "texture": "#0"},
				"east": {"uv": [7, 7, 9, 8], "texture": "#0"},
				"south": {"uv": [7, 7, 9, 8], "texture": "#0"},
				"west": {"uv": [7, 7, 9, 8], "texture": "#0"},
				"up": {"uv": [7, 7, 9, 8], "texture": "#0"},
				"down": {"uv": [7, 7, 9, 8], "texture": "#0"}
			}
		},
		{
			"from": [13, 0, 6],
			"to": [14, 1, 7],
			"faces": {
				"north": {"uv": [1, 9, 2, 10], "texture": "#0"},
				"east": {"uv": [1, 9, 2, 10], "texture": "#0"},
				"south": {"uv": [1, 9, 2, 10], "texture": "#0"},
				"west": {"uv": [1, 9, 2, 10], "texture": "#0"},
				"up": {"uv": [1, 9, 2, 10], "texture": "#0"},
				"down": {"uv": [1, 9, 2, 10], "texture": "#0"}
			}
		},
		{
			"from": [11, 1, 6],
			"to": [14, 2, 7],
			"faces": {
				"north": {"uv": [1, 8, 4, 9], "texture": "#0"},
				"east": {"uv": [1, 8, 2, 9], "texture": "#0"},
				"south": {"uv": [4, 0, 7, 1], "texture": "#0"},
				"west": {"uv": [3, 8, 4, 9], "texture": "#0"},
				"up": {"uv": [1, 8, 4, 9], "texture": "#0"},
				"down": {"uv": [0, 0, 3, 1], "texture": "#0"}
			}
		},
		{
			"from": [12, 2, 6],
			"to": [14, 3, 7],
			"faces": {
				"north": {"uv": [1, 7, 3, 8], "texture": "#0"},
				"east": {"uv": [1, 7, 3, 8], "texture": "#0"},
				"south": {"uv": [1, 7, 3, 8], "texture": "#0"},
				"west": {"uv": [1, 7, 3, 8], "texture": "#0"},
				"up": {"uv": [1, 7, 3, 8], "texture": "#0"},
				"down": {"uv": [1, 7, 3, 8], "texture": "#0"}
			}
		}
	],
	"display": {
		"thirdperson_righthand": {
			"translation": [-1.5, 8.75, 0]
		},
		"thirdperson_lefthand": {
			"translation": [-1.5, 8.75, 0]
		},
		"firstperson_righthand": {
			"rotation": [0, 125, 3],
			"translation": [3.25, 8.25, 0]
		},
		"firstperson_lefthand": {
			"rotation": [0, 125, 3],
			"translation": [-0.75, 10, 0]
		},
		"ground": {
			"translation": [-1.5, 5.5, 1.25]
		},
		"gui": {
			"rotation": [0, 180, 0],
			"translation": [2.75, 12, 0],
			"scale": [1.78, 1.78, 1.78]
		},
		"head": {
			"translation": [-2.25, 19.5, -3.25],
			"scale": [1.56, 1.88, 1.75]
		},
		"fixed": {
			"translation": [-1, 6.75, 1.25]
		}
	},
	"groups": [
		{
			"name": "group",
			"origin": [8, 8, 8],
			"color": 0,
			"children": [0, 1, 2]
		},
		{
			"name": "group",
			"origin": [8, 8, 8],
			"color": 0,
			"children": [3, 4, 5]
		}
	]
}