{
	"credit": "Laptev Kirill",
	"texture_size": [64, 64],
	"textures": {
		"0": "./netherite_sword"
	},
	"elements": [
		{
			"from": [9.25, 8.15, 8.8],
			"to": [10.075, 8.375, 8.875],
			"rotation": {"angle": 22.5, "axis": "z", "origin": [8, 0, 8]},
			"faces": {
				"north": {"uv": [0, 7.5, 0.25, 7.75], "texture": "#0"},
				"east": {"uv": [7.5, 0, 7.75, 0.25], "texture": "#0"},
				"south": {"uv": [0.25, 7.5, 0.5, 7.75], "texture": "#0"},
				"west": {"uv": [7.5, 0.25, 7.75, 0.5], "texture": "#0"},
				"up": {"uv": [0.75, 7.75, 0.5, 7.5], "texture": "#0"},
				"down": {"uv": [7.75, 0.5, 7.5, 0.75], "texture": "#0"}
			}
		},
		{
			"from": [9, 7, 7.325],
			"to": [10.325, 7.1, 8.65],
			"rotation": {"angle": 22.5, "axis": "z", "origin": [8, 0, 8]},
			"faces": {
				"north": {"uv": [0.75, 7.5, 1, 7.75], "texture": "#0"},
				"east": {"uv": [7.5, 0.75, 7.75, 1], "texture": "#0"},
				"south": {"uv": [1, 7.5, 1.25, 7.75], "texture": "#0"},
				"west": {"uv": [7.5, 1, 7.75, 1.25], "texture": "#0"},
				"up": {"uv": [1.5, 7.75, 1.25, 7.5], "texture": "#0"},
				"down": {"uv": [7.75, 1.25, 7.5, 1.5], "texture": "#0"}
			}
		},
		{
			"from": [8.925, 7, 7.325],
			"to": [9, 7.225, 8.65],
			"rotation": {"angle": 22.5, "axis": "z", "origin": [8, 0, 8]},
			"faces": {
				"north": {"uv": [1.5, 7.5, 1.75, 7.75], "texture": "#0"},
				"east": {"uv": [7.5, 1.5, 7.75, 1.75], "texture": "#0"},
				"south": {"uv": [1.75, 7.5, 2, 7.75], "texture": "#0"},
				"west": {"uv": [7.5, 1.75, 7.75, 2], "texture": "#0"},
				"up": {"uv": [2.25, 7.75, 2, 7.5], "texture": "#0"},
				"down": {"uv": [7.75, 2, 7.5, 2.25], "texture": "#0"}
			}
		},
		{
			"from": [8.85, 7.225, 7.2],
			"to": [8.925, 7.45, 8.725],
			"rotation": {"angle": 22.5, "axis": "z", "origin": [8, 0, 8]},
			"faces": {
				"north": {"uv": [2.25, 7.5, 2.5, 7.75], "texture": "#0"},
				"east": {"uv": [4.25, 0.5, 4.75, 0.75], "texture": "#0"},
				"south": {"uv": [7.5, 2.25, 7.75, 2.5], "texture": "#0"},
				"west": {"uv": [4.25, 0.75, 4.75, 1], "texture": "#0"},
				"up": {"uv": [4.5, 3.5, 4.25, 3], "texture": "#0"},
				"down": {"uv": [3.5, 4.25, 3.25, 4.75], "texture": "#0"}
			}
		},
		{
			"from": [8.8, 7.45, 7.05],
			"to": [8.875, 7.925, 8.825],
			"rotation": {"angle": 22.5, "axis": "z", "origin": [8, 0, 8]},
			"faces": {
				"north": {"uv": [2.5, 7.5, 2.75, 7.75], "texture": "#0"},
				"east": {"uv": [3.5, 4.25, 4, 4.5], "texture": "#0"},
				"south": {"uv": [7.5, 2.5, 7.75, 2.75], "texture": "#0"},
				"west": {"uv": [4, 4.25, 4.5, 4.5], "texture": "#0"},
				"up": {"uv": [4.75, 2, 4.5, 1.5], "texture": "#0"},
				"down": {"uv": [4.75, 2, 4.5, 2.5], "texture": "#0"}
			}
		},
		{
			"from": [8.725, 7.925, 7.15],
			"to": [8.8, 8.15, 8.875],
			"rotation": {"angle": 22.5, "axis": "z", "origin": [8, 0, 8]},
			"faces": {
				"north": {"uv": [2.75, 7.5, 3, 7.75], "texture": "#0"},
				"east": {"uv": [4.25, 4, 4.75, 4.25], "texture": "#0"},
				"south": {"uv": [7.5, 2.75, 7.75, 3], "texture": "#0"},
				"west": {"uv": [2.5, 4.5, 3, 4.75], "texture": "#0"},
				"up": {"uv": [4.75, 3, 4.5, 2.5], "texture": "#0"},
				"down": {"uv": [3.25, 4.5, 3, 5], "texture": "#0"}
			}
		},
		{
			"from": [8.825, 7.925, 7.05],
			"to": [10.475, 8.15, 7.125],
			"rotation": {"angle": 22.5, "axis": "z", "origin": [8, 0, 8]},
			"faces": {
				"north": {"uv": [4.5, 3, 5, 3.25], "texture": "#0"},
				"east": {"uv": [3, 7.5, 3.25, 7.75], "texture": "#0"},
				"south": {"uv": [4.5, 3.25, 5, 3.5], "texture": "#0"},
				"west": {"uv": [7.5, 3, 7.75, 3.25], "texture": "#0"},
				"up": {"uv": [4, 4.75, 3.5, 4.5], "texture": "#0"},
				"down": {"uv": [5, 3.5, 4.5, 3.75], "texture": "#0"}
			}
		},
		{
			"from": [9, 7, 7.275],
			"to": [10.325, 7.225, 7.35],
			"rotation": {"angle": 22.5, "axis": "z", "origin": [8, 0, 8]},
			"faces": {
				"north": {"uv": [3.25, 7.5, 3.5, 7.75], "texture": "#0"},
				"east": {"uv": [7.5, 3.25, 7.75, 3.5], "texture": "#0"},
				"south": {"uv": [3.5, 7.5, 3.75, 7.75], "texture": "#0"},
				"west": {"uv": [7.5, 3.5, 7.75, 3.75], "texture": "#0"},
				"up": {"uv": [4, 7.75, 3.75, 7.5], "texture": "#0"},
				"down": {"uv": [7.75, 3.75, 7.5, 4], "texture": "#0"}
			}
		},
		{
			"from": [8.9, 7.225, 7.2],
			"to": [10.4, 7.45, 7.275],
			"rotation": {"angle": 22.5, "axis": "z", "origin": [8, 0, 8]},
			"faces": {
				"north": {"uv": [4.5, 3.75, 5, 4], "texture": "#0"},
				"east": {"uv": [4, 7.5, 4.25, 7.75], "texture": "#0"},
				"south": {"uv": [4, 4.5, 4.5, 4.75], "texture": "#0"},
				"west": {"uv": [7.5, 4, 7.75, 4.25], "texture": "#0"},
				"up": {"uv": [5, 4.5, 4.5, 4.25], "texture": "#0"},
				"down": {"uv": [5, 4.5, 4.5, 4.75], "texture": "#0"}
			}
		},
		{
			"from": [8.875, 7.45, 7.125],
			"to": [10.425, 7.925, 7.2],
			"rotation": {"angle": 22.5, "axis": "z", "origin": [8, 0, 8]},
			"faces": {
				"north": {"uv": [4.75, 0, 5.25, 0.25], "texture": "#0"},
				"east": {"uv": [4.25, 7.5, 4.5, 7.75], "texture": "#0"},
				"south": {"uv": [4.75, 0.25, 5.25, 0.5], "texture": "#0"},
				"west": {"uv": [7.5, 4.25, 7.75, 4.5], "texture": "#0"},
				"up": {"uv": [5.25, 0.75, 4.75, 0.5], "texture": "#0"},
				"down": {"uv": [5.25, 0.75, 4.75, 1], "texture": "#0"}
			}
		},
		{
			"from": [10.475, 7.925, 7.125],
			"to": [10.55, 8.15, 8.85],
			"rotation": {"angle": 22.5, "axis": "z", "origin": [8, 0, 8]},
			"faces": {
				"north": {"uv": [4.5, 7.5, 4.75, 7.75], "texture": "#0"},
				"east": {"uv": [4.75, 1, 5.25, 1.25], "texture": "#0"},
				"south": {"uv": [7.5, 4.5, 7.75, 4.75], "texture": "#0"},
				"west": {"uv": [4.75, 1.25, 5.25, 1.5], "texture": "#0"},
				"up": {"uv": [5, 2, 4.75, 1.5], "texture": "#0"},
				"down": {"uv": [5, 2, 4.75, 2.5], "texture": "#0"}
			}
		},
		{
			"from": [10.325, 7, 7.325],
			"to": [10.4, 7.225, 8.65],
			"rotation": {"angle": 22.5, "axis": "z", "origin": [8, 0, 8]},
			"faces": {
				"north": {"uv": [4.75, 7.5, 5, 7.75], "texture": "#0"},
				"east": {"uv": [7.5, 4.75, 7.75, 5], "texture": "#0"},
				"south": {"uv": [5, 7.5, 5.25, 7.75], "texture": "#0"},
				"west": {"uv": [7.5, 5, 7.75, 5.25], "texture": "#0"},
				"up": {"uv": [5.5, 7.75, 5.25, 7.5], "texture": "#0"},
				"down": {"uv": [7.75, 5.25, 7.5, 5.5], "texture": "#0"}
			}
		},
		{
			"from": [10.375, 7.225, 7.225],
			"to": [10.45, 7.45, 8.75],
			"rotation": {"angle": 22.5, "axis": "z", "origin": [8, 0, 8]},
			"faces": {
				"north": {"uv": [5.5, 7.5, 5.75, 7.75], "texture": "#0"},
				"east": {"uv": [2.5, 4.75, 3, 5], "texture": "#0"},
				"south": {"uv": [7.5, 5.5, 7.75, 5.75], "texture": "#0"},
				"west": {"uv": [4.75, 2.5, 5.25, 2.75], "texture": "#0"},
				"up": {"uv": [3.5, 5.25, 3.25, 4.75], "texture": "#0"},
				"down": {"uv": [3.75, 4.75, 3.5, 5.25], "texture": "#0"}
			}
		},
		{
			"from": [10.425, 7.45, 7.125],
			"to": [10.5, 7.925, 8.85],
			"rotation": {"angle": 22.5, "axis": "z", "origin": [8, 0, 8]},
			"faces": {
				"north": {"uv": [5.75, 7.5, 6, 7.75], "texture": "#0"},
				"east": {"uv": [4.75, 2.75, 5.25, 3], "texture": "#0"},
				"south": {"uv": [7.5, 5.75, 7.75, 6], "texture": "#0"},
				"west": {"uv": [3.75, 4.75, 4.25, 5], "texture": "#0"},
				"up": {"uv": [4.5, 5.25, 4.25, 4.75], "texture": "#0"},
				"down": {"uv": [4.75, 4.75, 4.5, 5.25], "texture": "#0"}
			}
		},
		{
			"from": [8.8, 7.925, 8.85],
			"to": [10.475, 8.15, 8.925],
			"rotation": {"angle": 22.5, "axis": "z", "origin": [8, 0, 8]},
			"faces": {
				"north": {"uv": [4.75, 4, 5.25, 4.25], "texture": "#0"},
				"east": {"uv": [6, 7.5, 6.25, 7.75], "texture": "#0"},
				"south": {"uv": [4.75, 4.75, 5.25, 5], "texture": "#0"},
				"west": {"uv": [7.5, 6, 7.75, 6.25], "texture": "#0"},
				"up": {"uv": [5.5, 1.75, 5, 1.5], "texture": "#0"},
				"down": {"uv": [5.5, 1.75, 5, 2], "texture": "#0"}
			}
		},
		{
			"from": [9, 7, 8.625],
			"to": [10.325, 7.225, 8.7],
			"rotation": {"angle": 22.5, "axis": "z", "origin": [8, 0, 8]},
			"faces": {
				"north": {"uv": [6.25, 7.5, 6.5, 7.75], "texture": "#0"},
				"east": {"uv": [7.5, 6.25, 7.75, 6.5], "texture": "#0"},
				"south": {"uv": [6.5, 7.5, 6.75, 7.75], "texture": "#0"},
				"west": {"uv": [7.5, 6.5, 7.75, 6.75], "texture": "#0"},
				"up": {"uv": [7, 7.75, 6.75, 7.5], "texture": "#0"},
				"down": {"uv": [7.75, 6.75, 7.5, 7], "texture": "#0"}
			}
		},
		{
			"from": [8.875, 7.225, 8.7],
			"to": [10.425, 7.45, 8.775],
			"rotation": {"angle": 22.5, "axis": "z", "origin": [8, 0, 8]},
			"faces": {
				"north": {"uv": [5, 2, 5.5, 2.25], "texture": "#0"},
				"east": {"uv": [7, 7.5, 7.25, 7.75], "texture": "#0"},
				"south": {"uv": [5, 2.25, 5.5, 2.5], "texture": "#0"},
				"west": {"uv": [7.5, 7, 7.75, 7.25], "texture": "#0"},
				"up": {"uv": [3, 5.25, 2.5, 5], "texture": "#0"},
				"down": {"uv": [5.5, 3, 5, 3.25], "texture": "#0"}
			}
		},
		{
			"from": [8.75, 7.45, 8.775],
			"to": [10.45, 7.925, 8.85],
			"rotation": {"angle": 22.5, "axis": "z", "origin": [8, 0, 8]},
			"faces": {
				"north": {"uv": [5, 3.25, 5.5, 3.5], "texture": "#0"},
				"east": {"uv": [7.25, 7.5, 7.5, 7.75], "texture": "#0"},
				"south": {"uv": [5, 3.5, 5.5, 3.75], "texture": "#0"},
				"west": {"uv": [7.5, 7.25, 7.75, 7.5], "texture": "#0"},
				"up": {"uv": [4.25, 5.25, 3.75, 5], "texture": "#0"},
				"down": {"uv": [5.5, 3.75, 5, 4], "texture": "#0"}
			}
		},
		{
			"from": [8.775, 8.15, 7.575],
			"to": [8.85, 8.375, 8.4],
			"rotation": {"angle": 22.5, "axis": "z", "origin": [8, 0, 8]},
			"faces": {
				"north": {"uv": [7.5, 7.5, 7.75, 7.75], "texture": "#0"},
				"east": {"uv": [0, 7.75, 0.25, 8], "texture": "#0"},
				"south": {"uv": [7.75, 0, 8, 0.25], "texture": "#0"},
				"west": {"uv": [0.25, 7.75, 0.5, 8], "texture": "#0"},
				"up": {"uv": [8, 0.5, 7.75, 0.25], "texture": "#0"},
				"down": {"uv": [0.75, 7.75, 0.5, 8], "texture": "#0"}
			}
		},
		{
			"from": [9.25, 8.15, 7.1],
			"to": [10.075, 8.375, 7.175],
			"rotation": {"angle": 22.5, "axis": "z", "origin": [8, 0, 8]},
			"faces": {
				"north": {"uv": [7.75, 0.5, 8, 0.75], "texture": "#0"},
				"east": {"uv": [0.75, 7.75, 1, 8], "texture": "#0"},
				"south": {"uv": [7.75, 0.75, 8, 1], "texture": "#0"},
				"west": {"uv": [1, 7.75, 1.25, 8], "texture": "#0"},
				"up": {"uv": [8, 1.25, 7.75, 1], "texture": "#0"},
				"down": {"uv": [1.5, 7.75, 1.25, 8], "texture": "#0"}
			}
		},
		{
			"from": [10.425, 8.15, 7.575],
			"to": [10.5, 8.375, 8.4],
			"rotation": {"angle": 22.5, "axis": "z", "origin": [8, 0, 8]},
			"faces": {
				"north": {"uv": [7.75, 1.25, 8, 1.5], "texture": "#0"},
				"east": {"uv": [1.5, 7.75, 1.75, 8], "texture": "#0"},
				"south": {"uv": [7.75, 1.5, 8, 1.75], "texture": "#0"},
				"west": {"uv": [1.75, 7.75, 2, 8], "texture": "#0"},
				"up": {"uv": [8, 2, 7.75, 1.75], "texture": "#0"},
				"down": {"uv": [2.25, 7.75, 2, 8], "texture": "#0"}
			}
		},
		{
			"from": [6.9719, 12.6, 5.61498],
			"to": [7.7969, 12.675, 5.83998],
			"rotation": {"angle": 22.5, "axis": "x", "origin": [6, 11.5, 8]},
			"faces": {
				"north": {"uv": [7.75, 2, 8, 2.25], "texture": "#0"},
				"east": {"uv": [2.25, 7.75, 2.5, 8], "texture": "#0"},
				"south": {"uv": [7.75, 2.25, 8, 2.5], "texture": "#0"},
				"west": {"uv": [2.5, 7.75, 2.75, 8], "texture": "#0"},
				"up": {"uv": [8, 2.75, 7.75, 2.5], "texture": "#0"},
				"down": {"uv": [3, 7.75, 2.75, 8], "texture": "#0"}
			}
		},
		{
			"from": [6.7219, 11.125, 6.88998],
			"to": [8.0469, 12.45, 6.98998],
			"rotation": {"angle": 22.5, "axis": "x", "origin": [6, 11.5, 8]},
			"faces": {
				"north": {"uv": [7.75, 2.75, 8, 3], "texture": "#0"},
				"east": {"uv": [3, 7.75, 3.25, 8], "texture": "#0"},
				"south": {"uv": [7.75, 3, 8, 3.25], "texture": "#0"},
				"west": {"uv": [3.25, 7.75, 3.5, 8], "texture": "#0"},
				"up": {"uv": [8, 3.5, 7.75, 3.25], "texture": "#0"},
				"down": {"uv": [3.75, 7.75, 3.5, 8], "texture": "#0"}
			}
		},
		{
			"from": [6.9719, 11.375, 6.88998],
			"to": [7.7969, 12.2, 7.48998],
			"rotation": {"angle": 22.5, "axis": "x", "origin": [6, 11.5, 8]},
			"faces": {
				"north": {"uv": [4.5, 8, 4.75, 8.25], "texture": "#0"},
				"east": {"uv": [8, 4.5, 8.25, 4.75], "texture": "#0"},
				"south": {"uv": [4.75, 8, 5, 8.25], "texture": "#0"},
				"west": {"uv": [8, 4.75, 8.25, 5], "texture": "#0"},
				"up": {"uv": [5.25, 8.25, 5, 8], "texture": "#0"},
				"down": {"uv": [8.25, 5, 8, 5.25], "texture": "#0"}
			}
		},
		{
			"from": [6.6469, 11.125, 6.76498],
			"to": [6.7219, 12.45, 6.98998],
			"rotation": {"angle": 22.5, "axis": "x", "origin": [6, 11.5, 8]},
			"faces": {
				"north": {"uv": [7.75, 3.5, 8, 3.75], "texture": "#0"},
				"east": {"uv": [3.75, 7.75, 4, 8], "texture": "#0"},
				"south": {"uv": [7.75, 3.75, 8, 4], "texture": "#0"},
				"west": {"uv": [4, 7.75, 4.25, 8], "texture": "#0"},
				"up": {"uv": [8, 4.25, 7.75, 4], "texture": "#0"},
				"down": {"uv": [4.5, 7.75, 4.25, 8], "texture": "#0"}
			}
		},
		{
			"from": [6.5719, 11, 6.53998],
			"to": [6.6469, 12.525, 6.76498],
			"rotation": {"angle": 22.5, "axis": "x", "origin": [6, 11.5, 8]},
			"faces": {
				"north": {"uv": [3, 5, 3.25, 5.5], "texture": "#0"},
				"east": {"uv": [5, 4.25, 5.25, 4.75], "texture": "#0"},
				"south": {"uv": [4.75, 5, 5, 5.5], "texture": "#0"},
				"west": {"uv": [5, 5, 5.25, 5.5], "texture": "#0"},
				"up": {"uv": [8, 4.5, 7.75, 4.25], "texture": "#0"},
				"down": {"uv": [4.75, 7.75, 4.5, 8], "texture": "#0"}
			}
		},
		{
			"from": [6.5219, 10.85, 6.06498],
			"to": [6.5969, 12.625, 6.53998],
			"rotation": {"angle": 22.5, "axis": "x", "origin": [6, 11.5, 8]},
			"faces": {
				"north": {"uv": [5.25, 0, 5.5, 0.5], "texture": "#0"},
				"east": {"uv": [5.25, 0.5, 5.5, 1], "texture": "#0"},
				"south": {"uv": [5.25, 1, 5.5, 1.5], "texture": "#0"},
				"west": {"uv": [2.5, 5.25, 2.75, 5.75], "texture": "#0"},
				"up": {"uv": [8, 4.75, 7.75, 4.5], "texture": "#0"},
				"down": {"uv": [5, 7.75, 4.75, 8], "texture": "#0"}
			}
		},
		{
			"from": [6.4469, 10.95, 5.83998],
			"to": [6.5219, 12.675, 6.06498],
			"rotation": {"angle": 22.5, "axis": "x", "origin": [6, 11.5, 8]},
			"faces": {
				"north": {"uv": [5.25, 2.5, 5.5, 3], "texture": "#0"},
				"east": {"uv": [2.75, 5.25, 3, 5.75], "texture": "#0"},
				"south": {"uv": [3.25, 5.25, 3.5, 5.75], "texture": "#0"},
				"west": {"uv": [3.5, 5.25, 3.75, 5.75], "texture": "#0"},
				"up": {"uv": [8, 5, 7.75, 4.75], "texture": "#0"},
				"down": {"uv": [5.25, 7.75, 5, 8], "texture": "#0"}
			}
		},
		{
			"from": [6.5469, 10.85, 5.83998],
			"to": [8.1969, 10.925, 6.06498],
			"rotation": {"angle": 22.5, "axis": "x", "origin": [6, 11.5, 8]},
			"faces": {
				"north": {"uv": [3.75, 5.25, 4.25, 5.5], "texture": "#0"},
				"east": {"uv": [7.75, 5, 8, 5.25], "texture": "#0"},
				"south": {"uv": [5.25, 4, 5.75, 4.25], "texture": "#0"},
				"west": {"uv": [5.25, 7.75, 5.5, 8], "texture": "#0"},
				"up": {"uv": [4.75, 5.5, 4.25, 5.25], "texture": "#0"},
				"down": {"uv": [5.75, 4.25, 5.25, 4.5], "texture": "#0"}
			}
		},
		{
			"from": [6.7219, 11.075, 6.76498],
			"to": [8.0469, 11.15, 6.98998],
			"rotation": {"angle": 22.5, "axis": "x", "origin": [6, 11.5, 8]},
			"faces": {
				"north": {"uv": [7.75, 5.25, 8, 5.5], "texture": "#0"},
				"east": {"uv": [5.5, 7.75, 5.75, 8], "texture": "#0"},
				"south": {"uv": [7.75, 5.5, 8, 5.75], "texture": "#0"},
				"west": {"uv": [5.75, 7.75, 6, 8], "texture": "#0"},
				"up": {"uv": [8, 6, 7.75, 5.75], "texture": "#0"},
				"down": {"uv": [6.25, 7.75, 6, 8], "texture": "#0"}
			}
		},
		{
			"from": [6.6219, 11, 6.53998],
			"to": [8.1219, 11.075, 6.76498],
			"rotation": {"angle": 22.5, "axis": "x", "origin": [6, 11.5, 8]},
			"faces": {
				"north": {"uv": [7.75, 6, 8, 6.25], "texture": "#0"},
				"east": {"uv": [6.25, 7.75, 6.5, 8], "texture": "#0"},
				"south": {"uv": [7.75, 6.25, 8, 6.5], "texture": "#0"},
				"west": {"uv": [6.5, 7.75, 6.75, 8], "texture": "#0"},
				"up": {"uv": [8, 6.75, 7.75, 6.5], "texture": "#0"},
				"down": {"uv": [7, 7.75, 6.75, 8], "texture": "#0"}
			}
		},
		{
			"from": [6.5969, 10.925, 6.06498],
			"to": [8.1469, 11, 6.53998],
			"rotation": {"angle": 22.5, "axis": "x", "origin": [6, 11.5, 8]},
			"faces": {
				"north": {"uv": [5.25, 4.5, 5.75, 4.75], "texture": "#0"},
				"east": {"uv": [7.75, 6.75, 8, 7], "texture": "#0"},
				"south": {"uv": [5.25, 4.75, 5.75, 5], "texture": "#0"},
				"west": {"uv": [7, 7.75, 7.25, 8], "texture": "#0"},
				"up": {"uv": [5.75, 5.25, 5.25, 5], "texture": "#0"},
				"down": {"uv": [5.75, 5.25, 5.25, 5.5], "texture": "#0"}
			}
		},
		{
			"from": [8.1969, 10.925, 5.83998],
			"to": [8.2719, 12.65, 6.06498],
			"rotation": {"angle": 22.5, "axis": "x", "origin": [6, 11.5, 8]},
			"faces": {
				"north": {"uv": [0, 5.5, 0.25, 6], "texture": "#0"},
				"east": {"uv": [5.5, 0, 5.75, 0.5], "texture": "#0"},
				"south": {"uv": [0.25, 5.5, 0.5, 6], "texture": "#0"},
				"west": {"uv": [0.5, 5.5, 0.75, 6], "texture": "#0"},
				"up": {"uv": [8, 7.25, 7.75, 7], "texture": "#0"},
				"down": {"uv": [7.5, 7.75, 7.25, 8], "texture": "#0"}
			}
		},
		{
			"from": [8.0469, 11.125, 6.76498],
			"to": [8.1219, 12.45, 6.98998],
			"rotation": {"angle": 22.5, "axis": "x", "origin": [6, 11.5, 8]},
			"faces": {
				"north": {"uv": [7.75, 7.25, 8, 7.5], "texture": "#0"},
				"east": {"uv": [7.5, 7.75, 7.75, 8], "texture": "#0"},
				"south": {"uv": [7.75, 7.5, 8, 7.75], "texture": "#0"},
				"west": {"uv": [7.75, 7.75, 8, 8], "texture": "#0"},
				"up": {"uv": [0.25, 8.25, 0, 8], "texture": "#0"},
				"down": {"uv": [8.25, 0, 8, 0.25], "texture": "#0"}
			}
		},
		{
			"from": [8.0969, 11.025, 6.53998],
			"to": [8.1719, 12.55, 6.76498],
			"rotation": {"angle": 22.5, "axis": "x", "origin": [6, 11.5, 8]},
			"faces": {
				"north": {"uv": [5.5, 0.5, 5.75, 1], "texture": "#0"},
				"east": {"uv": [0.75, 5.5, 1, 6], "texture": "#0"},
				"south": {"uv": [1, 5.5, 1.25, 6], "texture": "#0"},
				"west": {"uv": [5.5, 1, 5.75, 1.5], "texture": "#0"},
				"up": {"uv": [0.5, 8.25, 0.25, 8], "texture": "#0"},
				"down": {"uv": [8.25, 0.25, 8, 0.5], "texture": "#0"}
			}
		},
		{
			"from": [8.1469, 10.925, 6.06498],
			"to": [8.2219, 12.65, 6.53998],
			"rotation": {"angle": 22.5, "axis": "x", "origin": [6, 11.5, 8]},
			"faces": {
				"north": {"uv": [1.25, 5.5, 1.5, 6], "texture": "#0"},
				"east": {"uv": [1.5, 5.5, 1.75, 6], "texture": "#0"},
				"south": {"uv": [5.5, 1.5, 5.75, 2], "texture": "#0"},
				"west": {"uv": [1.75, 5.5, 2, 6], "texture": "#0"},
				"up": {"uv": [0.75, 8.25, 0.5, 8], "texture": "#0"},
				"down": {"uv": [8.25, 0.5, 8, 0.75], "texture": "#0"}
			}
		},
		{
			"from": [6.5219, 12.65, 5.83998],
			"to": [8.1969, 12.725, 6.06498],
			"rotation": {"angle": 22.5, "axis": "x", "origin": [6, 11.5, 8]},
			"faces": {
				"north": {"uv": [2, 5.5, 2.5, 5.75], "texture": "#0"},
				"east": {"uv": [0.75, 8, 1, 8.25], "texture": "#0"},
				"south": {"uv": [5.5, 2, 6, 2.25], "texture": "#0"},
				"west": {"uv": [8, 0.75, 8.25, 1], "texture": "#0"},
				"up": {"uv": [6, 2.5, 5.5, 2.25], "texture": "#0"},
				"down": {"uv": [6, 2.5, 5.5, 2.75], "texture": "#0"}
			}
		},
		{
			"from": [6.7219, 12.425, 6.76498],
			"to": [8.0469, 12.5, 6.98998],
			"rotation": {"angle": 22.5, "axis": "x", "origin": [6, 11.5, 8]},
			"faces": {
				"north": {"uv": [1, 8, 1.25, 8.25], "texture": "#0"},
				"east": {"uv": [8, 1, 8.25, 1.25], "texture": "#0"},
				"south": {"uv": [1.25, 8, 1.5, 8.25], "texture": "#0"},
				"west": {"uv": [8, 1.25, 8.25, 1.5], "texture": "#0"},
				"up": {"uv": [1.75, 8.25, 1.5, 8], "texture": "#0"},
				"down": {"uv": [8.25, 1.5, 8, 1.75], "texture": "#0"}
			}
		},
		{
			"from": [6.5969, 12.5, 6.53998],
			"to": [8.1469, 12.575, 6.76498],
			"rotation": {"angle": 22.5, "axis": "x", "origin": [6, 11.5, 8]},
			"faces": {
				"north": {"uv": [5.5, 2.75, 6, 3], "texture": "#0"},
				"east": {"uv": [1.75, 8, 2, 8.25], "texture": "#0"},
				"south": {"uv": [5.5, 3, 6, 3.25], "texture": "#0"},
				"west": {"uv": [8, 1.75, 8.25, 2], "texture": "#0"},
				"up": {"uv": [6, 3.5, 5.5, 3.25], "texture": "#0"},
				"down": {"uv": [6, 3.5, 5.5, 3.75], "texture": "#0"}
			}
		},
		{
			"from": [6.4719, 12.575, 6.06498],
			"to": [8.1719, 12.65, 6.53998],
			"rotation": {"angle": 22.5, "axis": "x", "origin": [6, 11.5, 8]},
			"faces": {
				"north": {"uv": [3.75, 5.5, 4.25, 5.75], "texture": "#0"},
				"east": {"uv": [2, 8, 2.25, 8.25], "texture": "#0"},
				"south": {"uv": [5.5, 3.75, 6, 4], "texture": "#0"},
				"west": {"uv": [8, 2, 8.25, 2.25], "texture": "#0"},
				"up": {"uv": [4.75, 5.75, 4.25, 5.5], "texture": "#0"},
				"down": {"uv": [5.25, 5.5, 4.75, 5.75], "texture": "#0"}
			}
		},
		{
			"from": [6.4969, 11.375, 5.61498],
			"to": [6.5719, 12.2, 5.83998],
			"rotation": {"angle": 22.5, "axis": "x", "origin": [6, 11.5, 8]},
			"faces": {
				"north": {"uv": [2.25, 8, 2.5, 8.25], "texture": "#0"},
				"east": {"uv": [8, 2.25, 8.25, 2.5], "texture": "#0"},
				"south": {"uv": [2.5, 8, 2.75, 8.25], "texture": "#0"},
				"west": {"uv": [8, 2.5, 8.25, 2.75], "texture": "#0"},
				"up": {"uv": [3, 8.25, 2.75, 8], "texture": "#0"},
				"down": {"uv": [8.25, 2.75, 8, 3], "texture": "#0"}
			}
		},
		{
			"from": [6.9719, 10.9, 5.61498],
			"to": [7.7969, 10.975, 5.83998],
			"rotation": {"angle": 22.5, "axis": "x", "origin": [6, 11.5, 8]},
			"faces": {
				"north": {"uv": [3, 8, 3.25, 8.25], "texture": "#0"},
				"east": {"uv": [8, 3, 8.25, 3.25], "texture": "#0"},
				"south": {"uv": [3.25, 8, 3.5, 8.25], "texture": "#0"},
				"west": {"uv": [8, 3.25, 8.25, 3.5], "texture": "#0"},
				"up": {"uv": [3.75, 8.25, 3.5, 8], "texture": "#0"},
				"down": {"uv": [8.25, 3.5, 8, 3.75], "texture": "#0"}
			}
		},
		{
			"from": [8.1469, 11.375, 5.61498],
			"to": [8.2219, 12.2, 5.83998],
			"rotation": {"angle": 22.5, "axis": "x", "origin": [6, 11.5, 8]},
			"faces": {
				"north": {"uv": [3.75, 8, 4, 8.25], "texture": "#0"},
				"east": {"uv": [8, 3.75, 8.25, 4], "texture": "#0"},
				"south": {"uv": [4, 8, 4.25, 8.25], "texture": "#0"},
				"west": {"uv": [8, 4, 8.25, 4.25], "texture": "#0"},
				"up": {"uv": [4.5, 8.25, 4.25, 8], "texture": "#0"},
				"down": {"uv": [8.25, 4.25, 8, 4.5], "texture": "#0"}
			}
		},
		{
			"from": [7.4719, 15.27984, 10.11346],
			"to": [8.2969, 15.35484, 10.33846],
			"rotation": {"angle": -22.5, "axis": "x", "origin": [6, 15.75, 9.25]},
			"faces": {
				"north": {"uv": [5.25, 8, 5.5, 8.25], "texture": "#0"},
				"east": {"uv": [8, 5.25, 8.25, 5.5], "texture": "#0"},
				"south": {"uv": [5.5, 8, 5.75, 8.25], "texture": "#0"},
				"west": {"uv": [8, 5.5, 8.25, 5.75], "texture": "#0"},
				"up": {"uv": [6, 8.25, 5.75, 8], "texture": "#0"},
				"down": {"uv": [8.25, 5.75, 8, 6], "texture": "#0"}
			}
		},
		{
			"from": [7.2219, 15.50484, 8.96346],
			"to": [8.5469, 16.82984, 9.06346],
			"rotation": {"angle": -22.5, "axis": "x", "origin": [6, 15.75, 9.25]},
			"faces": {
				"north": {"uv": [6, 8, 6.25, 8.25], "texture": "#0"},
				"east": {"uv": [8, 6, 8.25, 6.25], "texture": "#0"},
				"south": {"uv": [6.25, 8, 6.5, 8.25], "texture": "#0"},
				"west": {"uv": [8, 6.25, 8.25, 6.5], "texture": "#0"},
				"up": {"uv": [6.75, 8.25, 6.5, 8], "texture": "#0"},
				"down": {"uv": [8.25, 6.5, 8, 6.75], "texture": "#0"}
			}
		},
		{
			"from": [7.4719, 15.75484, 8.46346],
			"to": [8.2969, 16.57984, 9.06346],
			"rotation": {"angle": -22.5, "axis": "x", "origin": [6, 15.75, 9.25]},
			"faces": {
				"north": {"uv": [6.75, 8, 7, 8.25], "texture": "#0"},
				"east": {"uv": [8, 6.75, 8.25, 7], "texture": "#0"},
				"south": {"uv": [7, 8, 7.25, 8.25], "texture": "#0"},
				"west": {"uv": [8, 7, 8.25, 7.25], "texture": "#0"},
				"up": {"uv": [7.5, 8.25, 7.25, 8], "texture": "#0"},
				"down": {"uv": [8.25, 7.25, 8, 7.5], "texture": "#0"}
			}
		},
		{
			"from": [7.1469, 15.50484, 8.96346],
			"to": [7.2219, 16.82984, 9.18846],
			"rotation": {"angle": -22.5, "axis": "x", "origin": [6, 15.75, 9.25]},
			"faces": {
				"north": {"uv": [7.5, 8, 7.75, 8.25], "texture": "#0"},
				"east": {"uv": [8, 7.5, 8.25, 7.75], "texture": "#0"},
				"south": {"uv": [7.75, 8, 8, 8.25], "texture": "#0"},
				"west": {"uv": [8, 7.75, 8.25, 8], "texture": "#0"},
				"up": {"uv": [8.25, 8.25, 8, 8], "texture": "#0"},
				"down": {"uv": [0.25, 8.25, 0, 8.5], "texture": "#0"}
			}
		},
		{
			"from": [7.0719, 15.42984, 9.18846],
			"to": [7.1469, 16.95484, 9.41346],
			"rotation": {"angle": -22.5, "axis": "x", "origin": [6, 15.75, 9.25]},
			"faces": {
				"north": {"uv": [3, 5.5, 3.25, 6], "texture": "#0"},
				"east": {"uv": [5.25, 5.5, 5.5, 6], "texture": "#0"},
				"south": {"uv": [5.5, 5.5, 5.75, 6], "texture": "#0"},
				"west": {"uv": [5.75, 0, 6, 0.5], "texture": "#0"},
				"up": {"uv": [8.5, 0.25, 8.25, 0], "texture": "#0"},
				"down": {"uv": [0.5, 8.25, 0.25, 8.5], "texture": "#0"}
			}
		},
		{
			"from": [7.0219, 15.32984, 9.41346],
			"to": [7.0969, 17.10484, 9.88846],
			"rotation": {"angle": -22.5, "axis": "x", "origin": [6, 15.75, 9.25]},
			"faces": {
				"north": {"uv": [5.75, 0.5, 6, 1], "texture": "#0"},
				"east": {"uv": [5.75, 1, 6, 1.5], "texture": "#0"},
				"south": {"uv": [5.75, 1.5, 6, 2], "texture": "#0"},
				"west": {"uv": [2, 5.75, 2.25, 6.25], "texture": "#0"},
				"up": {"uv": [8.5, 0.5, 8.25, 0.25], "texture": "#0"},
				"down": {"uv": [0.75, 8.25, 0.5, 8.5], "texture": "#0"}
			}
		},
		{
			"from": [6.9469, 15.27984, 9.88846],
			"to": [7.0219, 17.00484, 10.11346],
			"rotation": {"angle": -22.5, "axis": "x", "origin": [6, 15.75, 9.25]},
			"faces": {
				"north": {"uv": [2.25, 5.75, 2.5, 6.25], "texture": "#0"},
				"east": {"uv": [2.5, 5.75, 2.75, 6.25], "texture": "#0"},
				"south": {"uv": [2.75, 5.75, 3, 6.25], "texture": "#0"},
				"west": {"uv": [3.25, 5.75, 3.5, 6.25], "texture": "#0"},
				"up": {"uv": [8.5, 0.75, 8.25, 0.5], "texture": "#0"},
				"down": {"uv": [1, 8.25, 0.75, 8.5], "texture": "#0"}
			}
		},
		{
			"from": [7.0469, 17.02984, 9.88846],
			"to": [8.6969, 17.10484, 10.11346],
			"rotation": {"angle": -22.5, "axis": "x", "origin": [6, 15.75, 9.25]},
			"faces": {
				"north": {"uv": [3.5, 5.75, 4, 6], "texture": "#0"},
				"east": {"uv": [8.25, 0.75, 8.5, 1], "texture": "#0"},
				"south": {"uv": [4, 5.75, 4.5, 6], "texture": "#0"},
				"west": {"uv": [1, 8.25, 1.25, 8.5], "texture": "#0"},
				"up": {"uv": [6.25, 4.25, 5.75, 4], "texture": "#0"},
				"down": {"uv": [6.25, 4.25, 5.75, 4.5], "texture": "#0"}
			}
		},
		{
			"from": [7.2219, 16.80484, 8.96346],
			"to": [8.5469, 16.87984, 9.18846],
			"rotation": {"angle": -22.5, "axis": "x", "origin": [6, 15.75, 9.25]},
			"faces": {
				"north": {"uv": [8.25, 1, 8.5, 1.25], "texture": "#0"},
				"east": {"uv": [1.25, 8.25, 1.5, 8.5], "texture": "#0"},
				"south": {"uv": [8.25, 1.25, 8.5, 1.5], "texture": "#0"},
				"west": {"uv": [1.5, 8.25, 1.75, 8.5], "texture": "#0"},
				"up": {"uv": [8.5, 1.75, 8.25, 1.5], "texture": "#0"},
				"down": {"uv": [2, 8.25, 1.75, 8.5], "texture": "#0"}
			}
		},
		{
			"from": [7.1219, 16.87984, 9.18846],
			"to": [8.6219, 16.95484, 9.41346],
			"rotation": {"angle": -22.5, "axis": "x", "origin": [6, 15.75, 9.25]},
			"faces": {
				"north": {"uv": [4.5, 5.75, 5, 6], "texture": "#0"},
				"east": {"uv": [8.25, 1.75, 8.5, 2], "texture": "#0"},
				"south": {"uv": [5.75, 4.5, 6.25, 4.75], "texture": "#0"},
				"west": {"uv": [2, 8.25, 2.25, 8.5], "texture": "#0"},
				"up": {"uv": [6.25, 5, 5.75, 4.75], "texture": "#0"},
				"down": {"uv": [6.25, 5, 5.75, 5.25], "texture": "#0"}
			}
		},
		{
			"from": [7.0969, 16.95484, 9.41346],
			"to": [8.6469, 17.02984, 9.88846],
			"rotation": {"angle": -22.5, "axis": "x", "origin": [6, 15.75, 9.25]},
			"faces": {
				"north": {"uv": [5.75, 5.25, 6.25, 5.5], "texture": "#0"},
				"east": {"uv": [8.25, 2, 8.5, 2.25], "texture": "#0"},
				"south": {"uv": [5.75, 5.5, 6.25, 5.75], "texture": "#0"},
				"west": {"uv": [2.25, 8.25, 2.5, 8.5], "texture": "#0"},
				"up": {"uv": [6.25, 6, 5.75, 5.75], "texture": "#0"},
				"down": {"uv": [0.5, 6, 0, 6.25], "texture": "#0"}
			}
		},
		{
			"from": [8.6969, 15.30484, 9.88846],
			"to": [8.7719, 17.02984, 10.11346],
			"rotation": {"angle": -22.5, "axis": "x", "origin": [6, 15.75, 9.25]},
			"faces": {
				"north": {"uv": [5, 5.75, 5.25, 6.25], "texture": "#0"},
				"east": {"uv": [6, 0, 6.25, 0.5], "texture": "#0"},
				"south": {"uv": [0.5, 6, 0.75, 6.5], "texture": "#0"},
				"west": {"uv": [6, 0.5, 6.25, 1], "texture": "#0"},
				"up": {"uv": [8.5, 2.5, 8.25, 2.25], "texture": "#0"},
				"down": {"uv": [2.75, 8.25, 2.5, 8.5], "texture": "#0"}
			}
		},
		{
			"from": [8.5469, 15.50484, 8.96346],
			"to": [8.6219, 16.82984, 9.18846],
			"rotation": {"angle": -22.5, "axis": "x", "origin": [6, 15.75, 9.25]},
			"faces": {
				"north": {"uv": [8.25, 2.5, 8.5, 2.75], "texture": "#0"},
				"east": {"uv": [2.75, 8.25, 3, 8.5], "texture": "#0"},
				"south": {"uv": [8.25, 2.75, 8.5, 3], "texture": "#0"},
				"west": {"uv": [3, 8.25, 3.25, 8.5], "texture": "#0"},
				"up": {"uv": [8.5, 3.25, 8.25, 3], "texture": "#0"},
				"down": {"uv": [3.5, 8.25, 3.25, 8.5], "texture": "#0"}
			}
		},
		{
			"from": [8.5969, 15.40484, 9.18846],
			"to": [8.6719, 16.92984, 9.41346],
			"rotation": {"angle": -22.5, "axis": "x", "origin": [6, 15.75, 9.25]},
			"faces": {
				"north": {"uv": [0.75, 6, 1, 6.5], "texture": "#0"},
				"east": {"uv": [1, 6, 1.25, 6.5], "texture": "#0"},
				"south": {"uv": [6, 1, 6.25, 1.5], "texture": "#0"},
				"west": {"uv": [1.25, 6, 1.5, 6.5], "texture": "#0"},
				"up": {"uv": [8.5, 3.5, 8.25, 3.25], "texture": "#0"},
				"down": {"uv": [3.75, 8.25, 3.5, 8.5], "texture": "#0"}
			}
		},
		{
			"from": [8.6469, 15.30484, 9.41346],
			"to": [8.7219, 17.02984, 9.88846],
			"rotation": {"angle": -22.5, "axis": "x", "origin": [6, 15.75, 9.25]},
			"faces": {
				"north": {"uv": [1.5, 6, 1.75, 6.5], "texture": "#0"},
				"east": {"uv": [6, 1.5, 6.25, 2], "texture": "#0"},
				"south": {"uv": [1.75, 6, 2, 6.5], "texture": "#0"},
				"west": {"uv": [6, 2, 6.25, 2.5], "texture": "#0"},
				"up": {"uv": [8.5, 3.75, 8.25, 3.5], "texture": "#0"},
				"down": {"uv": [4, 8.25, 3.75, 8.5], "texture": "#0"}
			}
		},
		{
			"from": [7.0219, 15.22984, 9.88846],
			"to": [8.6969, 15.30484, 10.11346],
			"rotation": {"angle": -22.5, "axis": "x", "origin": [6, 15.75, 9.25]},
			"faces": {
				"north": {"uv": [6, 2.5, 6.5, 2.75], "texture": "#0"},
				"east": {"uv": [8.25, 3.75, 8.5, 4], "texture": "#0"},
				"south": {"uv": [6, 2.75, 6.5, 3], "texture": "#0"},
				"west": {"uv": [4, 8.25, 4.25, 8.5], "texture": "#0"},
				"up": {"uv": [6.5, 3.25, 6, 3], "texture": "#0"},
				"down": {"uv": [6.5, 3.25, 6, 3.5], "texture": "#0"}
			}
		},
		{
			"from": [7.2219, 15.45484, 8.96346],
			"to": [8.5469, 15.52984, 9.18846],
			"rotation": {"angle": -22.5, "axis": "x", "origin": [6, 15.75, 9.25]},
			"faces": {
				"north": {"uv": [8.25, 4, 8.5, 4.25], "texture": "#0"},
				"east": {"uv": [4.25, 8.25, 4.5, 8.5], "texture": "#0"},
				"south": {"uv": [8.25, 4.25, 8.5, 4.5], "texture": "#0"},
				"west": {"uv": [4.5, 8.25, 4.75, 8.5], "texture": "#0"},
				"up": {"uv": [8.5, 4.75, 8.25, 4.5], "texture": "#0"},
				"down": {"uv": [5, 8.25, 4.75, 8.5], "texture": "#0"}
			}
		},
		{
			"from": [7.0969, 15.37984, 9.18846],
			"to": [8.6469, 15.45484, 9.41346],
			"rotation": {"angle": -22.5, "axis": "x", "origin": [6, 15.75, 9.25]},
			"faces": {
				"north": {"uv": [3.5, 6, 4, 6.25], "texture": "#0"},
				"east": {"uv": [8.25, 4.75, 8.5, 5], "texture": "#0"},
				"south": {"uv": [6, 3.5, 6.5, 3.75], "texture": "#0"},
				"west": {"uv": [5, 8.25, 5.25, 8.5], "texture": "#0"},
				"up": {"uv": [6.5, 4, 6, 3.75], "texture": "#0"},
				"down": {"uv": [4.5, 6, 4, 6.25], "texture": "#0"}
			}
		},
		{
			"from": [6.9719, 15.30484, 9.41346],
			"to": [8.6719, 15.37984, 9.88846],
			"rotation": {"angle": -22.5, "axis": "x", "origin": [6, 15.75, 9.25]},
			"faces": {
				"north": {"uv": [4.5, 6, 5, 6.25], "texture": "#0"},
				"east": {"uv": [8.25, 5, 8.5, 5.25], "texture": "#0"},
				"south": {"uv": [5.25, 6, 5.75, 6.25], "texture": "#0"},
				"west": {"uv": [5.25, 8.25, 5.5, 8.5], "texture": "#0"},
				"up": {"uv": [6.25, 6.25, 5.75, 6], "texture": "#0"},
				"down": {"uv": [0.5, 6.25, 0, 6.5], "texture": "#0"}
			}
		},
		{
			"from": [6.9969, 15.75484, 10.11346],
			"to": [7.0719, 16.57984, 10.33846],
			"rotation": {"angle": -22.5, "axis": "x", "origin": [6, 15.75, 9.25]},
			"faces": {
				"north": {"uv": [8.25, 5.25, 8.5, 5.5], "texture": "#0"},
				"east": {"uv": [5.5, 8.25, 5.75, 8.5], "texture": "#0"},
				"south": {"uv": [8.25, 5.5, 8.5, 5.75], "texture": "#0"},
				"west": {"uv": [5.75, 8.25, 6, 8.5], "texture": "#0"},
				"up": {"uv": [8.5, 6, 8.25, 5.75], "texture": "#0"},
				"down": {"uv": [6.25, 8.25, 6, 8.5], "texture": "#0"}
			}
		},
		{
			"from": [7.4719, 16.97984, 10.11346],
			"to": [8.2969, 17.05484, 10.33846],
			"rotation": {"angle": -22.5, "axis": "x", "origin": [6, 15.75, 9.25]},
			"faces": {
				"north": {"uv": [8.25, 6, 8.5, 6.25], "texture": "#0"},
				"east": {"uv": [6.25, 8.25, 6.5, 8.5], "texture": "#0"},
				"south": {"uv": [8.25, 6.25, 8.5, 6.5], "texture": "#0"},
				"west": {"uv": [6.5, 8.25, 6.75, 8.5], "texture": "#0"},
				"up": {"uv": [8.5, 6.75, 8.25, 6.5], "texture": "#0"},
				"down": {"uv": [7, 8.25, 6.75, 8.5], "texture": "#0"}
			}
		},
		{
			"from": [8.6469, 15.75484, 10.11346],
			"to": [8.7219, 16.57984, 10.33846],
			"rotation": {"angle": -22.5, "axis": "x", "origin": [6, 15.75, 9.25]},
			"faces": {
				"north": {"uv": [8.25, 6.75, 8.5, 7], "texture": "#0"},
				"east": {"uv": [7, 8.25, 7.25, 8.5], "texture": "#0"},
				"south": {"uv": [8.25, 7, 8.5, 7.25], "texture": "#0"},
				"west": {"uv": [7.25, 8.25, 7.5, 8.5], "texture": "#0"},
				"up": {"uv": [8.5, 7.5, 8.25, 7.25], "texture": "#0"},
				"down": {"uv": [7.75, 8.25, 7.5, 8.5], "texture": "#0"}
			}
		},
		{
			"from": [8.5, 7, 7.975],
			"to": [8.75, 29, 8.025],
			"rotation": {"angle": 0, "axis": "y", "origin": [8, 1.5, 8]},
			"faces": {
				"north": {"uv": [0, 0, 0.25, 5.5], "texture": "#0"},
				"east": {"uv": [0, 0, 0, 5.5], "texture": "#0"},
				"south": {"uv": [0.25, 0, 0.5, 5.5], "texture": "#0"},
				"west": {"uv": [0, 0, 0, 5.5], "texture": "#0"},
				"up": {"uv": [0.25, 0, 0, 0], "texture": "#0"},
				"down": {"uv": [0.25, 0, 0, 0], "texture": "#0"}
			}
		},
		{
			"from": [8, 7, 7.9],
			"to": [8.5, 29, 8.1],
			"rotation": {"angle": 0, "axis": "y", "origin": [8, 1.5, 8]},
			"faces": {
				"north": {"uv": [0.5, 0, 0.75, 5.5], "texture": "#0"},
				"east": {"uv": [0.75, 0, 1, 5.5], "texture": "#0"},
				"south": {"uv": [1, 0, 1.25, 5.5], "texture": "#0"},
				"west": {"uv": [1.25, 0, 1.5, 5.5], "texture": "#0"},
				"up": {"uv": [6.5, 2.5, 6.25, 2.25], "texture": "#0"},
				"down": {"uv": [2.75, 6.25, 2.5, 6.5], "texture": "#0"}
			}
		},
		{
			"from": [7.25, 7, 7.8],
			"to": [8, 29, 8.2],
			"rotation": {"angle": 0, "axis": "y", "origin": [8, 1.5, 8]},
			"faces": {
				"north": {"uv": [1.5, 0, 1.75, 5.5], "texture": "#0"},
				"east": {"uv": [1.75, 0, 2, 5.5], "texture": "#0"},
				"south": {"uv": [2, 0, 2.25, 5.5], "texture": "#0"},
				"west": {"uv": [2.25, 0, 2.5, 5.5], "texture": "#0"},
				"up": {"uv": [3, 6.5, 2.75, 6.25], "texture": "#0"},
				"down": {"uv": [3.25, 6.25, 3, 6.5], "texture": "#0"}
			}
		},
		{
			"from": [7.25, 29, 7.8],
			"to": [7.75, 30, 8.2],
			"rotation": {"angle": 0, "axis": "y", "origin": [8, 1.5, 8]},
			"faces": {
				"north": {"uv": [3, 6, 3.25, 6.25], "texture": "#0"},
				"east": {"uv": [6.25, 0, 6.5, 0.25], "texture": "#0"},
				"south": {"uv": [6.25, 0.25, 6.5, 0.5], "texture": "#0"},
				"west": {"uv": [6.25, 0.5, 6.5, 0.75], "texture": "#0"},
				"up": {"uv": [6.5, 1, 6.25, 0.75], "texture": "#0"},
				"down": {"uv": [6.5, 1, 6.25, 1.25], "texture": "#0"}
			}
		},
		{
			"from": [7.75, 29, 7.9],
			"to": [8.25, 30, 8.1],
			"rotation": {"angle": 0, "axis": "y", "origin": [8, 1.5, 8]},
			"faces": {
				"north": {"uv": [3.25, 6.25, 3.5, 6.5], "texture": "#0"},
				"east": {"uv": [3.5, 6.25, 3.75, 6.5], "texture": "#0"},
				"south": {"uv": [3.75, 6.25, 4, 6.5], "texture": "#0"},
				"west": {"uv": [4, 6.25, 4.25, 6.5], "texture": "#0"},
				"up": {"uv": [6.5, 4.25, 6.25, 4], "texture": "#0"},
				"down": {"uv": [4.5, 6.25, 4.25, 6.5], "texture": "#0"}
			}
		},
		{
			"from": [8.25, 29, 7.975],
			"to": [8.5, 30, 8.025],
			"rotation": {"angle": 0, "axis": "y", "origin": [8, 1.5, 8]},
			"faces": {
				"north": {"uv": [6.25, 4.25, 6.5, 4.5], "texture": "#0"},
				"east": {"uv": [0, 0, 0, 0.25], "texture": "#0"},
				"south": {"uv": [4.5, 6.25, 4.75, 6.5], "texture": "#0"},
				"west": {"uv": [0, 0, 0, 0.25], "texture": "#0"},
				"up": {"uv": [0.25, 0, 0, 0], "texture": "#0"},
				"down": {"uv": [0.25, 0, 0, 0], "texture": "#0"}
			}
		},
		{
			"from": [7.25, 30, 7.8],
			"to": [7.65, 30.5, 8.2],
			"rotation": {"angle": 0, "axis": "y", "origin": [8, 1.5, 8]},
			"faces": {
				"north": {"uv": [6.25, 5.5, 6.5, 5.75], "texture": "#0"},
				"east": {"uv": [5.75, 6.25, 6, 6.5], "texture": "#0"},
				"south": {"uv": [6.25, 5.75, 6.5, 6], "texture": "#0"},
				"west": {"uv": [6, 6.25, 6.25, 6.5], "texture": "#0"},
				"up": {"uv": [6.5, 6.25, 6.25, 6], "texture": "#0"},
				"down": {"uv": [6.5, 6.25, 6.25, 6.5], "texture": "#0"}
			}
		},
		{
			"from": [7.85, 30.5, 7.975],
			"to": [8.1, 31, 8.025],
			"rotation": {"angle": 0, "axis": "y", "origin": [8, 1.5, 8]},
			"faces": {
				"north": {"uv": [1.5, 6.5, 1.75, 6.75], "texture": "#0"},
				"east": {"uv": [0, 0, 0, 0.25], "texture": "#0"},
				"south": {"uv": [6.5, 1.5, 6.75, 1.75], "texture": "#0"},
				"west": {"uv": [0, 0, 0, 0.25], "texture": "#0"},
				"up": {"uv": [0.25, 0, 0, 0], "texture": "#0"},
				"down": {"uv": [0.25, 0, 0, 0], "texture": "#0"}
			}
		},
		{
			"from": [7.55, 30.5, 7.9],
			"to": [7.85, 31, 8.1],
			"rotation": {"angle": 0, "axis": "y", "origin": [8, 1.5, 8]},
			"faces": {
				"north": {"uv": [0.75, 6.5, 1, 6.75], "texture": "#0"},
				"east": {"uv": [6.5, 0.75, 6.75, 1], "texture": "#0"},
				"south": {"uv": [1, 6.5, 1.25, 6.75], "texture": "#0"},
				"west": {"uv": [6.5, 1, 6.75, 1.25], "texture": "#0"},
				"up": {"uv": [1.5, 6.75, 1.25, 6.5], "texture": "#0"},
				"down": {"uv": [6.75, 1.25, 6.5, 1.5], "texture": "#0"}
			}
		},
		{
			"from": [7.25, 30.5, 7.8],
			"to": [7.55, 31, 8.2],
			"rotation": {"angle": 0, "axis": "y", "origin": [8, 1.5, 8]},
			"faces": {
				"north": {"uv": [0, 6.5, 0.25, 6.75], "texture": "#0"},
				"east": {"uv": [6.5, 0, 6.75, 0.25], "texture": "#0"},
				"south": {"uv": [0.25, 6.5, 0.5, 6.75], "texture": "#0"},
				"west": {"uv": [6.5, 0.25, 6.75, 0.5], "texture": "#0"},
				"up": {"uv": [0.75, 6.75, 0.5, 6.5], "texture": "#0"},
				"down": {"uv": [6.75, 0.5, 6.5, 0.75], "texture": "#0"}
			}
		},
		{
			"from": [7.65, 30, 7.9],
			"to": [8.05, 30.5, 8.1],
			"rotation": {"angle": 0, "axis": "y", "origin": [8, 1.5, 8]},
			"faces": {
				"north": {"uv": [6.25, 4.75, 6.5, 5], "texture": "#0"},
				"east": {"uv": [5, 6.25, 5.25, 6.5], "texture": "#0"},
				"south": {"uv": [6.25, 5, 6.5, 5.25], "texture": "#0"},
				"west": {"uv": [5.25, 6.25, 5.5, 6.5], "texture": "#0"},
				"up": {"uv": [6.5, 5.5, 6.25, 5.25], "texture": "#0"},
				"down": {"uv": [5.75, 6.25, 5.5, 6.5], "texture": "#0"}
			}
		},
		{
			"from": [8.05, 30, 7.975],
			"to": [8.3, 30.5, 8.025],
			"rotation": {"angle": 0, "axis": "y", "origin": [8, 1.5, 8]},
			"faces": {
				"north": {"uv": [6.25, 4.5, 6.5, 4.75], "texture": "#0"},
				"east": {"uv": [0, 0, 0, 0.25], "texture": "#0"},
				"south": {"uv": [4.75, 6.25, 5, 6.5], "texture": "#0"},
				"west": {"uv": [0, 0, 0, 0.25], "texture": "#0"},
				"up": {"uv": [0.25, 0, 0, 0], "texture": "#0"},
				"down": {"uv": [0.25, 0, 0, 0], "texture": "#0"}
			}
		},
		{
			"from": [7.25, 31, 7.8],
			"to": [7.45, 31.5, 8.2],
			"rotation": {"angle": 0, "axis": "y", "origin": [8, 1.5, 8]},
			"faces": {
				"north": {"uv": [6.25, 1.25, 6.5, 1.5], "texture": "#0"},
				"east": {"uv": [6.25, 1.5, 6.5, 1.75], "texture": "#0"},
				"south": {"uv": [6.25, 1.75, 6.5, 2], "texture": "#0"},
				"west": {"uv": [2, 6.25, 2.25, 6.5], "texture": "#0"},
				"up": {"uv": [6.5, 2.25, 6.25, 2], "texture": "#0"},
				"down": {"uv": [2.5, 6.25, 2.25, 6.5], "texture": "#0"}
			}
		},
		{
			"from": [7.45, 31, 7.9],
			"to": [7.65, 31.5, 8.1],
			"rotation": {"angle": 0, "axis": "y", "origin": [8, 1.5, 8]},
			"faces": {
				"north": {"uv": [1.75, 6.5, 2, 6.75], "texture": "#0"},
				"east": {"uv": [6.5, 1.75, 6.75, 2], "texture": "#0"},
				"south": {"uv": [2, 6.5, 2.25, 6.75], "texture": "#0"},
				"west": {"uv": [6.5, 2, 6.75, 2.25], "texture": "#0"},
				"up": {"uv": [2.5, 6.75, 2.25, 6.5], "texture": "#0"},
				"down": {"uv": [6.75, 2.25, 6.5, 2.5], "texture": "#0"}
			}
		},
		{
			"from": [7.45, 31.5, 7.975],
			"to": [7.7, 31.9, 8.025],
			"rotation": {"angle": 0, "axis": "y", "origin": [8, 1.5, 8]},
			"faces": {
				"north": {"uv": [3.5, 6.5, 3.75, 6.75], "texture": "#0"},
				"east": {"uv": [0, 0, 0, 0.25], "texture": "#0"},
				"south": {"uv": [6.5, 3.5, 6.75, 3.75], "texture": "#0"},
				"west": {"uv": [0, 0, 0, 0.25], "texture": "#0"},
				"up": {"uv": [0.25, 0, 0, 0], "texture": "#0"},
				"down": {"uv": [0.25, 0, 0, 0], "texture": "#0"}
			}
		},
		{
			"from": [7.25, 31.5, 7.9],
			"to": [7.45, 31.9, 8.1],
			"rotation": {"angle": 0, "axis": "y", "origin": [8, 1.5, 8]},
			"faces": {
				"north": {"uv": [2.75, 6.5, 3, 6.75], "texture": "#0"},
				"east": {"uv": [6.5, 2.75, 6.75, 3], "texture": "#0"},
				"south": {"uv": [3, 6.5, 3.25, 6.75], "texture": "#0"},
				"west": {"uv": [6.5, 3, 6.75, 3.25], "texture": "#0"},
				"up": {"uv": [3.5, 6.75, 3.25, 6.5], "texture": "#0"},
				"down": {"uv": [6.75, 3.25, 6.5, 3.5], "texture": "#0"}
			}
		},
		{
			"from": [7.65, 31, 7.975],
			"to": [7.9, 31.5, 8.025],
			"rotation": {"angle": 0, "axis": "y", "origin": [8, 1.5, 8]},
			"faces": {
				"north": {"uv": [2.5, 6.5, 2.75, 6.75], "texture": "#0"},
				"east": {"uv": [0, 0, 0, 0.25], "texture": "#0"},
				"south": {"uv": [6.5, 2.5, 6.75, 2.75], "texture": "#0"},
				"west": {"uv": [0, 0, 0, 0.25], "texture": "#0"},
				"up": {"uv": [0.25, 0, 0, 0], "texture": "#0"},
				"down": {"uv": [0.25, 0, 0, 0], "texture": "#0"}
			}
		},
		{
			"from": [6, 6.5, 7.25],
			"to": [10, 7, 8.75],
			"rotation": {"angle": 0, "axis": "y", "origin": [8, -3, 8]},
			"faces": {
				"north": {"uv": [0, 15.5, 2, 15.75], "texture": "#0"},
				"east": {"uv": [0, 15, 0.75, 15.25], "texture": "#0"},
				"south": {"uv": [0, 15.75, 2, 16], "texture": "#0"},
				"west": {"uv": [0, 15.25, 0.75, 15.5], "texture": "#0"},
				"up": {"uv": [2, 14.25, 0, 13.5], "texture": "#0"},
				"down": {"uv": [2, 14.25, 0, 15], "texture": "#0"}
			}
		},
		{
			"from": [7, -2.5, 7.5],
			"to": [9, 6.5, 8.5],
			"rotation": {"angle": 0, "axis": "y", "origin": [8, -3, 8]},
			"faces": {
				"north": {"uv": [4.25, 11.5, 5.25, 16], "texture": "#0"},
				"east": {"uv": [3.75, 11.5, 4.25, 16], "texture": "#0"},
				"south": {"uv": [5.75, 11.5, 6.75, 16], "texture": "#0"},
				"west": {"uv": [5.25, 11.5, 5.75, 16], "texture": "#0"},
				"up": {"uv": [5.25, 11.5, 4.25, 11], "texture": "#0"},
				"down": {"uv": [6.25, 11, 5.25, 11.5], "texture": "#0"}
			}
		},
		{
			"from": [6.5, 5.5, 7.25],
			"to": [9.5, 6.5, 8.75],
			"rotation": {"angle": 0, "axis": "y", "origin": [8, -3, 8]},
			"faces": {
				"north": {"uv": [0.75, 15, 1.75, 15.5], "texture": "#0"},
				"east": {"uv": [2, 15.5, 2.25, 16], "texture": "#0"},
				"south": {"uv": [1.75, 15, 2.75, 15.5], "texture": "#0"},
				"west": {"uv": [2.25, 15.5, 2.5, 16], "texture": "#0"},
				"up": {"uv": [3.5, 16, 2.5, 15.5], "texture": "#0"},
				"down": {"uv": [3.75, 15, 2.75, 15.5], "texture": "#0"}
			}
		},
		{
			"from": [6.75, -2.5, 7.25],
			"to": [9.25, -1.5, 8.75],
			"rotation": {"angle": 0, "axis": "y", "origin": [8, -3, 8]},
			"faces": {
				"north": {"uv": [9.5, 15.5, 10.75, 16], "texture": "#0"},
				"east": {"uv": [6.75, 15.5, 7.5, 16], "texture": "#0"},
				"south": {"uv": [7.5, 15.5, 8.75, 16], "texture": "#0"},
				"west": {"uv": [8.75, 15.5, 9.5, 16], "texture": "#0"},
				"up": {"uv": [8.75, 15.5, 7.5, 14.75], "texture": "#0"},
				"down": {"uv": [10, 14.75, 8.75, 15.5], "texture": "#0"}
			}
		},
		{
			"from": [7, -3, 7.5],
			"to": [9, -2.5, 8.5],
			"faces": {
				"north": {"uv": [10, 15, 10.75, 15.25], "texture": "#0"},
				"east": {"uv": [10.75, 15, 11, 15.25], "texture": "#0"},
				"south": {"uv": [10, 15, 10.75, 15.25], "texture": "#0"},
				"west": {"uv": [10.75, 15, 11, 15.25], "texture": "#0"},
				"up": {"uv": [10.75, 15.5, 10, 15.25], "texture": "#0"},
				"down": {"uv": [10.75, 15.25, 10, 15.5], "texture": "#0"}
			}
		},
		{
			"from": [7.25, 7, 8],
			"to": [7.75, 7.75, 8.5],
			"faces": {
				"north": {"uv": [4, 6.5, 4.25, 6.75], "texture": "#0"},
				"east": {"uv": [6.5, 4, 6.75, 4.25], "texture": "#0"},
				"south": {"uv": [4.25, 6.5, 4.5, 6.75], "texture": "#0"},
				"west": {"uv": [6.5, 4.25, 6.75, 4.5], "texture": "#0"},
				"up": {"uv": [4.75, 6.75, 4.5, 6.5], "texture": "#0"},
				"down": {"uv": [6.75, 4.5, 6.5, 4.75], "texture": "#0"}
			}
		},
		{
			"from": [7.75, 7, 7.5],
			"to": [8.25, 7.75, 8],
			"faces": {
				"north": {"uv": [6.75, 4.75, 7, 5], "texture": "#0"},
				"east": {"uv": [5, 6.75, 5.25, 7], "texture": "#0"},
				"south": {"uv": [6.75, 5, 7, 5.25], "texture": "#0"},
				"west": {"uv": [5.25, 6.75, 5.5, 7], "texture": "#0"},
				"up": {"uv": [7, 5.5, 6.75, 5.25], "texture": "#0"},
				"down": {"uv": [5.75, 6.75, 5.5, 7], "texture": "#0"}
			}
		},
		{
			"from": [7.25, 7, 7.5],
			"to": [7.75, 7.25, 8],
			"faces": {
				"north": {"uv": [8.25, 7.5, 8.5, 7.75], "texture": "#0"},
				"east": {"uv": [7.75, 8.25, 8, 8.5], "texture": "#0"},
				"south": {"uv": [8.25, 7.75, 8.5, 8], "texture": "#0"},
				"west": {"uv": [8, 8.25, 8.25, 8.5], "texture": "#0"},
				"up": {"uv": [8.5, 8.25, 8.25, 8], "texture": "#0"},
				"down": {"uv": [8.5, 8.25, 8.25, 8.5], "texture": "#0"}
			}
		},
		{
			"from": [6.75, 7, 7.75],
			"to": [7.25, 7.25, 8.25],
			"faces": {
				"north": {"uv": [0, 8.5, 0.25, 8.75], "texture": "#0"},
				"east": {"uv": [8.5, 0, 8.75, 0.25], "texture": "#0"},
				"south": {"uv": [0.25, 8.5, 0.5, 8.75], "texture": "#0"},
				"west": {"uv": [8.5, 0.25, 8.75, 0.5], "texture": "#0"},
				"up": {"uv": [0.75, 8.75, 0.5, 8.5], "texture": "#0"},
				"down": {"uv": [8.75, 0.5, 8.5, 0.75], "texture": "#0"}
			}
		},
		{
			"from": [6.25, 7, 8.05],
			"to": [6.75, 7.25, 8.55],
			"faces": {
				"north": {"uv": [0.75, 8.5, 1, 8.75], "texture": "#0"},
				"east": {"uv": [8.5, 0.75, 8.75, 1], "texture": "#0"},
				"south": {"uv": [1, 8.5, 1.25, 8.75], "texture": "#0"},
				"west": {"uv": [8.5, 1, 8.75, 1.25], "texture": "#0"},
				"up": {"uv": [1.5, 8.75, 1.25, 8.5], "texture": "#0"},
				"down": {"uv": [8.75, 1.25, 8.5, 1.5], "texture": "#0"}
			}
		},
		{
			"from": [6, 7, 7.3],
			"to": [6.5, 7.25, 7.8],
			"faces": {
				"north": {"uv": [1.5, 8.5, 1.75, 8.75], "texture": "#0"},
				"east": {"uv": [8.5, 1.5, 8.75, 1.75], "texture": "#0"},
				"south": {"uv": [1.75, 8.5, 2, 8.75], "texture": "#0"},
				"west": {"uv": [8.5, 1.75, 8.75, 2], "texture": "#0"},
				"up": {"uv": [2.25, 8.75, 2, 8.5], "texture": "#0"},
				"down": {"uv": [8.75, 2, 8.5, 2.25], "texture": "#0"}
			}
		},
		{
			"from": [8.25, 7, 7.3],
			"to": [8.75, 7.25, 7.8],
			"faces": {
				"north": {"uv": [2.25, 8.5, 2.5, 8.75], "texture": "#0"},
				"east": {"uv": [8.5, 2.25, 8.75, 2.5], "texture": "#0"},
				"south": {"uv": [2.5, 8.5, 2.75, 8.75], "texture": "#0"},
				"west": {"uv": [8.5, 2.5, 8.75, 2.75], "texture": "#0"},
				"up": {"uv": [3, 8.75, 2.75, 8.5], "texture": "#0"},
				"down": {"uv": [8.75, 2.75, 8.5, 3], "texture": "#0"}
			}
		},
		{
			"from": [8.75, 7, 7.55],
			"to": [9.25, 7.25, 8.05],
			"faces": {
				"north": {"uv": [3, 8.5, 3.25, 8.75], "texture": "#0"},
				"east": {"uv": [8.5, 3, 8.75, 3.25], "texture": "#0"},
				"south": {"uv": [3.25, 8.5, 3.5, 8.75], "texture": "#0"},
				"west": {"uv": [8.5, 3.25, 8.75, 3.5], "texture": "#0"},
				"up": {"uv": [3.75, 8.75, 3.5, 8.5], "texture": "#0"},
				"down": {"uv": [8.75, 3.5, 8.5, 3.75], "texture": "#0"}
			}
		},
		{
			"from": [9.25, 7, 7.65],
			"to": [9.75, 7.25, 8.15],
			"faces": {
				"north": {"uv": [3.75, 8.5, 4, 8.75], "texture": "#0"},
				"east": {"uv": [8.5, 3.75, 8.75, 4], "texture": "#0"},
				"south": {"uv": [4, 8.5, 4.25, 8.75], "texture": "#0"},
				"west": {"uv": [8.5, 4, 8.75, 4.25], "texture": "#0"},
				"up": {"uv": [4.5, 8.75, 4.25, 8.5], "texture": "#0"},
				"down": {"uv": [8.75, 4.25, 8.5, 4.5], "texture": "#0"}
			}
		},
		{
			"from": [8.5, 7, 7.975],
			"to": [9, 7.25, 8.475],
			"faces": {
				"north": {"uv": [4.5, 8.5, 4.75, 8.75], "texture": "#0"},
				"east": {"uv": [8.5, 4.5, 8.75, 4.75], "texture": "#0"},
				"south": {"uv": [4.75, 8.5, 5, 8.75], "texture": "#0"},
				"west": {"uv": [8.5, 4.75, 8.75, 5], "texture": "#0"},
				"up": {"uv": [5.25, 8.75, 5, 8.5], "texture": "#0"},
				"down": {"uv": [8.75, 5, 8.5, 5.25], "texture": "#0"}
			}
		},
		{
			"from": [8, 7, 8.275],
			"to": [8.5, 7.25, 8.775],
			"faces": {
				"north": {"uv": [5.25, 8.5, 5.5, 8.75], "texture": "#0"},
				"east": {"uv": [8.5, 5.25, 8.75, 5.5], "texture": "#0"},
				"south": {"uv": [5.5, 8.5, 5.75, 8.75], "texture": "#0"},
				"west": {"uv": [8.5, 5.5, 8.75, 5.75], "texture": "#0"},
				"up": {"uv": [6, 8.75, 5.75, 8.5], "texture": "#0"},
				"down": {"uv": [8.75, 5.75, 8.5, 6], "texture": "#0"}
			}
		},
		{
			"from": [7.425, 7.75, 7.525],
			"to": [7.925, 8.5, 8.025],
			"faces": {
				"north": {"uv": [6.75, 5.5, 7, 5.75], "texture": "#0"},
				"east": {"uv": [5.75, 6.75, 6, 7], "texture": "#0"},
				"south": {"uv": [6.75, 5.75, 7, 6], "texture": "#0"},
				"west": {"uv": [6, 6.75, 6.25, 7], "texture": "#0"},
				"up": {"uv": [7, 6.25, 6.75, 6], "texture": "#0"},
				"down": {"uv": [6.5, 6.75, 6.25, 7], "texture": "#0"}
			}
		},
		{
			"from": [7.125, 8.5, 7.575],
			"to": [7.625, 9.25, 8.075],
			"faces": {
				"north": {"uv": [6.75, 6.25, 7, 6.5], "texture": "#0"},
				"east": {"uv": [6.5, 6.75, 6.75, 7], "texture": "#0"},
				"south": {"uv": [6.75, 6.5, 7, 6.75], "texture": "#0"},
				"west": {"uv": [6.75, 6.75, 7, 7], "texture": "#0"},
				"up": {"uv": [0.25, 7.25, 0, 7], "texture": "#0"},
				"down": {"uv": [7.25, 0, 7, 0.25], "texture": "#0"}
			}
		},
		{
			"from": [7, 9.25, 7.75],
			"to": [7.5, 10, 8.25],
			"faces": {
				"north": {"uv": [0.25, 7, 0.5, 7.25], "texture": "#0"},
				"east": {"uv": [7, 0.25, 7.25, 0.5], "texture": "#0"},
				"south": {"uv": [0.5, 7, 0.75, 7.25], "texture": "#0"},
				"west": {"uv": [7, 0.5, 7.25, 0.75], "texture": "#0"},
				"up": {"uv": [1, 7.25, 0.75, 7], "texture": "#0"},
				"down": {"uv": [7.25, 0.75, 7, 1], "texture": "#0"}
			}
		},
		{
			"from": [7.1, 10, 8.075],
			"to": [7.6, 10.75, 8.575],
			"faces": {
				"north": {"uv": [1, 7, 1.25, 7.25], "texture": "#0"},
				"east": {"uv": [7, 1, 7.25, 1.25], "texture": "#0"},
				"south": {"uv": [1.25, 7, 1.5, 7.25], "texture": "#0"},
				"west": {"uv": [7, 1.25, 7.25, 1.5], "texture": "#0"},
				"up": {"uv": [1.75, 7.25, 1.5, 7], "texture": "#0"},
				"down": {"uv": [7.25, 1.5, 7, 1.75], "texture": "#0"}
			}
		},
		{
			"from": [7.5, 10.75, 8.1],
			"to": [8, 11.5, 8.6],
			"faces": {
				"north": {"uv": [1.75, 7, 2, 7.25], "texture": "#0"},
				"east": {"uv": [7, 1.75, 7.25, 2], "texture": "#0"},
				"south": {"uv": [2, 7, 2.25, 7.25], "texture": "#0"},
				"west": {"uv": [7, 2, 7.25, 2.25], "texture": "#0"},
				"up": {"uv": [2.5, 7.25, 2.25, 7], "texture": "#0"},
				"down": {"uv": [7.25, 2.25, 7, 2.5], "texture": "#0"}
			}
		},
		{
			"from": [7.7, 11.5, 7.95],
			"to": [8.2, 12.25, 8.45],
			"faces": {
				"north": {"uv": [2.5, 7, 2.75, 7.25], "texture": "#0"},
				"east": {"uv": [7, 2.5, 7.25, 2.75], "texture": "#0"},
				"south": {"uv": [2.75, 7, 3, 7.25], "texture": "#0"},
				"west": {"uv": [7, 2.75, 7.25, 3], "texture": "#0"},
				"up": {"uv": [3.25, 7.25, 3, 7], "texture": "#0"},
				"down": {"uv": [7.25, 3, 7, 3.25], "texture": "#0"}
			}
		},
		{
			"from": [7.55, 12.25, 8.025],
			"to": [8.05, 13, 8.525],
			"faces": {
				"north": {"uv": [3.25, 7, 3.5, 7.25], "texture": "#0"},
				"east": {"uv": [7, 3.25, 7.25, 3.5], "texture": "#0"},
				"south": {"uv": [3.5, 7, 3.75, 7.25], "texture": "#0"},
				"west": {"uv": [7, 3.5, 7.25, 3.75], "texture": "#0"},
				"up": {"uv": [4, 7.25, 3.75, 7], "texture": "#0"},
				"down": {"uv": [7.25, 3.75, 7, 4], "texture": "#0"}
			}
		},
		{
			"from": [7.5, 7.75, 7.925],
			"to": [8, 8.5, 8.425],
			"faces": {
				"north": {"uv": [4.75, 6.5, 5, 6.75], "texture": "#0"},
				"east": {"uv": [6.5, 4.75, 6.75, 5], "texture": "#0"},
				"south": {"uv": [5, 6.5, 5.25, 6.75], "texture": "#0"},
				"west": {"uv": [6.5, 5, 6.75, 5.25], "texture": "#0"},
				"up": {"uv": [5.5, 6.75, 5.25, 6.5], "texture": "#0"},
				"down": {"uv": [6.75, 5.25, 6.5, 5.5], "texture": "#0"}
			}
		},
		{
			"from": [7.75, 8.5, 7.75],
			"to": [8.25, 9.25, 8.25],
			"faces": {
				"north": {"uv": [5.5, 6.5, 5.75, 6.75], "texture": "#0"},
				"east": {"uv": [6.5, 5.5, 6.75, 5.75], "texture": "#0"},
				"south": {"uv": [5.75, 6.5, 6, 6.75], "texture": "#0"},
				"west": {"uv": [6.5, 5.75, 6.75, 6], "texture": "#0"},
				"up": {"uv": [6.25, 6.75, 6, 6.5], "texture": "#0"},
				"down": {"uv": [6.75, 6, 6.5, 6.25], "texture": "#0"}
			}
		},
		{
			"from": [7.65, 9.25, 7.75],
			"to": [8.15, 10, 8.25],
			"faces": {
				"north": {"uv": [6.25, 6.5, 6.5, 6.75], "texture": "#0"},
				"east": {"uv": [6.5, 6.25, 6.75, 6.5], "texture": "#0"},
				"south": {"uv": [6.5, 6.5, 6.75, 6.75], "texture": "#0"},
				"west": {"uv": [0, 6.75, 0.25, 7], "texture": "#0"},
				"up": {"uv": [7, 0.25, 6.75, 0], "texture": "#0"},
				"down": {"uv": [0.5, 6.75, 0.25, 7], "texture": "#0"}
			}
		},
		{
			"from": [7.375, 10, 7.925],
			"to": [7.875, 10.75, 8.425],
			"faces": {
				"north": {"uv": [6.75, 0.25, 7, 0.5], "texture": "#0"},
				"east": {"uv": [0.5, 6.75, 0.75, 7], "texture": "#0"},
				"south": {"uv": [6.75, 0.5, 7, 0.75], "texture": "#0"},
				"west": {"uv": [0.75, 6.75, 1, 7], "texture": "#0"},
				"up": {"uv": [7, 1, 6.75, 0.75], "texture": "#0"},
				"down": {"uv": [1.25, 6.75, 1, 7], "texture": "#0"}
			}
		},
		{
			"from": [7.1, 10.75, 7.925],
			"to": [7.6, 11.5, 8.425],
			"faces": {
				"north": {"uv": [6.75, 1, 7, 1.25], "texture": "#0"},
				"east": {"uv": [1.25, 6.75, 1.5, 7], "texture": "#0"},
				"south": {"uv": [6.75, 1.25, 7, 1.5], "texture": "#0"},
				"west": {"uv": [1.5, 6.75, 1.75, 7], "texture": "#0"},
				"up": {"uv": [7, 1.75, 6.75, 1.5], "texture": "#0"},
				"down": {"uv": [2, 6.75, 1.75, 7], "texture": "#0"}
			}
		},
		{
			"from": [6.95, 11.5, 7.575],
			"to": [7.45, 12.25, 8.075],
			"faces": {
				"north": {"uv": [6.75, 1.75, 7, 2], "texture": "#0"},
				"east": {"uv": [2, 6.75, 2.25, 7], "texture": "#0"},
				"south": {"uv": [6.75, 2, 7, 2.25], "texture": "#0"},
				"west": {"uv": [2.25, 6.75, 2.5, 7], "texture": "#0"},
				"up": {"uv": [7, 2.5, 6.75, 2.25], "texture": "#0"},
				"down": {"uv": [2.75, 6.75, 2.5, 7], "texture": "#0"}
			}
		},
		{
			"from": [7.175, 12.25, 7.45],
			"to": [7.675, 13, 7.95],
			"faces": {
				"north": {"uv": [6.75, 2.5, 7, 2.75], "texture": "#0"},
				"east": {"uv": [2.75, 6.75, 3, 7], "texture": "#0"},
				"south": {"uv": [6.75, 2.75, 7, 3], "texture": "#0"},
				"west": {"uv": [3, 6.75, 3.25, 7], "texture": "#0"},
				"up": {"uv": [7, 3.25, 6.75, 3], "texture": "#0"},
				"down": {"uv": [3.5, 6.75, 3.25, 7], "texture": "#0"}
			}
		},
		{
			"from": [7.4, 13, 7.5],
			"to": [7.9, 13.75, 8],
			"faces": {
				"north": {"uv": [6.75, 3.25, 7, 3.5], "texture": "#0"},
				"east": {"uv": [3.5, 6.75, 3.75, 7], "texture": "#0"},
				"south": {"uv": [6.75, 3.5, 7, 3.75], "texture": "#0"},
				"west": {"uv": [3.75, 6.75, 4, 7], "texture": "#0"},
				"up": {"uv": [7, 4, 6.75, 3.75], "texture": "#0"},
				"down": {"uv": [4.25, 6.75, 4, 7], "texture": "#0"}
			}
		},
		{
			"from": [7.15, 13.75, 7.55],
			"to": [7.65, 14.5, 8.05],
			"faces": {
				"north": {"uv": [6.75, 4, 7, 4.25], "texture": "#0"},
				"east": {"uv": [4.25, 6.75, 4.5, 7], "texture": "#0"},
				"south": {"uv": [6.75, 4.25, 7, 4.5], "texture": "#0"},
				"west": {"uv": [4.5, 6.75, 4.75, 7], "texture": "#0"},
				"up": {"uv": [7, 4.75, 6.75, 4.5], "texture": "#0"},
				"down": {"uv": [5, 6.75, 4.75, 7], "texture": "#0"}
			}
		},
		{
			"from": [7.025, 14.5, 7.775],
			"to": [7.525, 15.25, 8.275],
			"faces": {
				"north": {"uv": [4, 7, 4.25, 7.25], "texture": "#0"},
				"east": {"uv": [7, 4, 7.25, 4.25], "texture": "#0"},
				"south": {"uv": [4.25, 7, 4.5, 7.25], "texture": "#0"},
				"west": {"uv": [7, 4.25, 7.25, 4.5], "texture": "#0"},
				"up": {"uv": [4.75, 7.25, 4.5, 7], "texture": "#0"},
				"down": {"uv": [7.25, 4.5, 7, 4.75], "texture": "#0"}
			}
		},
		{
			"from": [7.15, 15.25, 8.025],
			"to": [7.65, 16, 8.525],
			"faces": {
				"north": {"uv": [5.5, 7, 5.75, 7.25], "texture": "#0"},
				"east": {"uv": [7, 5.5, 7.25, 5.75], "texture": "#0"},
				"south": {"uv": [5.75, 7, 6, 7.25], "texture": "#0"},
				"west": {"uv": [7, 5.75, 7.25, 6], "texture": "#0"},
				"up": {"uv": [6.25, 7.25, 6, 7], "texture": "#0"},
				"down": {"uv": [7.25, 6, 7, 6.25], "texture": "#0"}
			}
		},
		{
			"from": [7.65, 15.25, 8.025],
			"to": [8.15, 16, 8.525],
			"faces": {
				"north": {"uv": [5.5, 7, 5.75, 7.25], "texture": "#0"},
				"east": {"uv": [7, 5.5, 7.25, 5.75], "texture": "#0"},
				"south": {"uv": [5.75, 7, 6, 7.25], "texture": "#0"},
				"west": {"uv": [7, 5.75, 7.25, 6], "texture": "#0"},
				"up": {"uv": [6.25, 7.25, 6, 7], "texture": "#0"},
				"down": {"uv": [7.25, 6, 7, 6.25], "texture": "#0"}
			}
		},
		{
			"from": [6.975, 16, 7.725],
			"to": [7.475, 16.75, 8.225],
			"faces": {
				"north": {"uv": [7.25, 5, 7.5, 5.25], "texture": "#0"},
				"east": {"uv": [5.25, 7.25, 5.5, 7.5], "texture": "#0"},
				"south": {"uv": [7.25, 5.25, 7.5, 5.5], "texture": "#0"},
				"west": {"uv": [5.5, 7.25, 5.75, 7.5], "texture": "#0"},
				"up": {"uv": [7.5, 5.75, 7.25, 5.5], "texture": "#0"},
				"down": {"uv": [6, 7.25, 5.75, 7.5], "texture": "#0"}
			}
		},
		{
			"from": [7.175, 16.75, 7.425],
			"to": [7.675, 17.5, 7.925],
			"faces": {
				"north": {"uv": [7.25, 5.75, 7.5, 6], "texture": "#0"},
				"east": {"uv": [6, 7.25, 6.25, 7.5], "texture": "#0"},
				"south": {"uv": [7.25, 6, 7.5, 6.25], "texture": "#0"},
				"west": {"uv": [6.25, 7.25, 6.5, 7.5], "texture": "#0"},
				"up": {"uv": [7.5, 6.5, 7.25, 6.25], "texture": "#0"},
				"down": {"uv": [6.75, 7.25, 6.5, 7.5], "texture": "#0"}
			}
		},
		{
			"from": [7.45, 17.5, 7.55],
			"to": [7.95, 18.25, 8.05],
			"faces": {
				"north": {"uv": [7.25, 6.5, 7.5, 6.75], "texture": "#0"},
				"east": {"uv": [6.75, 7.25, 7, 7.5], "texture": "#0"},
				"south": {"uv": [7.25, 6.75, 7.5, 7], "texture": "#0"},
				"west": {"uv": [7, 7.25, 7.25, 7.5], "texture": "#0"},
				"up": {"uv": [7.5, 7.25, 7.25, 7], "texture": "#0"},
				"down": {"uv": [7.5, 7.25, 7.25, 7.5], "texture": "#0"}
			}
		},
		{
			"from": [7.45, 16, 7.95],
			"to": [7.95, 16.75, 8.45],
			"faces": {
				"north": {"uv": [4.75, 7, 5, 7.25], "texture": "#0"},
				"east": {"uv": [7, 4.75, 7.25, 5], "texture": "#0"},
				"south": {"uv": [5, 7, 5.25, 7.25], "texture": "#0"},
				"west": {"uv": [7, 5, 7.25, 5.25], "texture": "#0"},
				"up": {"uv": [5.5, 7.25, 5.25, 7], "texture": "#0"},
				"down": {"uv": [7.25, 5.25, 7, 5.5], "texture": "#0"}
			}
		},
		{
			"from": [7.575, 16.75, 7.925],
			"to": [8.075, 17.5, 8.425],
			"faces": {
				"north": {"uv": [6.25, 7, 6.5, 7.25], "texture": "#0"},
				"east": {"uv": [7, 6.25, 7.25, 6.5], "texture": "#0"},
				"south": {"uv": [6.5, 7, 6.75, 7.25], "texture": "#0"},
				"west": {"uv": [7, 6.5, 7.25, 6.75], "texture": "#0"},
				"up": {"uv": [7, 7.25, 6.75, 7], "texture": "#0"},
				"down": {"uv": [7.25, 6.75, 7, 7], "texture": "#0"}
			}
		},
		{
			"from": [7.425, 17.5, 7.85],
			"to": [7.925, 18.25, 8.35],
			"faces": {
				"north": {"uv": [7, 7, 7.25, 7.25], "texture": "#0"},
				"east": {"uv": [0, 7.25, 0.25, 7.5], "texture": "#0"},
				"south": {"uv": [7.25, 0, 7.5, 0.25], "texture": "#0"},
				"west": {"uv": [0.25, 7.25, 0.5, 7.5], "texture": "#0"},
				"up": {"uv": [7.5, 0.5, 7.25, 0.25], "texture": "#0"},
				"down": {"uv": [0.75, 7.25, 0.5, 7.5], "texture": "#0"}
			}
		},
		{
			"from": [7.125, 18.25, 7.9],
			"to": [7.625, 19, 8.4],
			"faces": {
				"north": {"uv": [7.25, 0.5, 7.5, 0.75], "texture": "#0"},
				"east": {"uv": [0.75, 7.25, 1, 7.5], "texture": "#0"},
				"south": {"uv": [7.25, 0.75, 7.5, 1], "texture": "#0"},
				"west": {"uv": [1, 7.25, 1.25, 7.5], "texture": "#0"},
				"up": {"uv": [7.5, 1.25, 7.25, 1], "texture": "#0"},
				"down": {"uv": [1.5, 7.25, 1.25, 7.5], "texture": "#0"}
			}
		},
		{
			"from": [6.95, 19, 7.6],
			"to": [7.45, 19.75, 8.1],
			"faces": {
				"north": {"uv": [7.25, 2.75, 7.5, 3], "texture": "#0"},
				"east": {"uv": [3, 7.25, 3.25, 7.5], "texture": "#0"},
				"south": {"uv": [7.25, 3, 7.5, 3.25], "texture": "#0"},
				"west": {"uv": [3.25, 7.25, 3.5, 7.5], "texture": "#0"},
				"up": {"uv": [7.5, 3.5, 7.25, 3.25], "texture": "#0"},
				"down": {"uv": [3.75, 7.25, 3.5, 7.5], "texture": "#0"}
			}
		},
		{
			"from": [7.15, 19.75, 7.5],
			"to": [7.65, 20.5, 8],
			"faces": {
				"north": {"uv": [7.25, 3.5, 7.5, 3.75], "texture": "#0"},
				"east": {"uv": [3.75, 7.25, 4, 7.5], "texture": "#0"},
				"south": {"uv": [7.25, 3.75, 7.5, 4], "texture": "#0"},
				"west": {"uv": [4, 7.25, 4.25, 7.5], "texture": "#0"},
				"up": {"uv": [7.5, 4.25, 7.25, 4], "texture": "#0"},
				"down": {"uv": [4.5, 7.25, 4.25, 7.5], "texture": "#0"}
			}
		},
		{
			"from": [7.2, 19.85, 7.275],
			"to": [7.475, 20.125, 7.55],
			"faces": {
				"north": {"uv": [0, 13.25, 0.25, 13.5], "texture": "#0"},
				"east": {"uv": [0, 13.25, 0.25, 13.5], "texture": "#0"},
				"south": {"uv": [0, 13.25, 0.25, 13.5], "texture": "#0"},
				"west": {"uv": [0, 13.25, 0.25, 13.5], "texture": "#0"},
				"up": {"uv": [0.25, 13.5, 0, 13.25], "texture": "#0"},
				"down": {"uv": [0.25, 13.25, 0, 13.5], "texture": "#0"}
			}
		},
		{
			"from": [7.575, 20.6, 7.4],
			"to": [7.85, 20.875, 7.675],
			"faces": {
				"north": {"uv": [0.5, 12.75, 0.75, 13], "texture": "#0"},
				"east": {"uv": [0.5, 12.75, 0.75, 13], "texture": "#0"},
				"south": {"uv": [0.5, 12.75, 0.75, 13], "texture": "#0"},
				"west": {"uv": [0.5, 12.75, 0.75, 13], "texture": "#0"},
				"up": {"uv": [0.75, 13, 0.5, 12.75], "texture": "#0"},
				"down": {"uv": [0.75, 12.75, 0.5, 13], "texture": "#0"}
			}
		},
		{
			"from": [6.875, 19.675, 7.725],
			"to": [7.15, 19.95, 8],
			"faces": {
				"north": {"uv": [0, 13, 0.25, 13.25], "texture": "#0"},
				"east": {"uv": [0, 13, 0.25, 13.25], "texture": "#0"},
				"south": {"uv": [0, 13, 0.25, 13.25], "texture": "#0"},
				"west": {"uv": [0, 13, 0.25, 13.25], "texture": "#0"},
				"up": {"uv": [0.25, 13.25, 0, 13], "texture": "#0"},
				"down": {"uv": [0.25, 13, 0, 13.25], "texture": "#0"}
			}
		},
		{
			"from": [6.875, 18.925, 7.4],
			"to": [7.15, 19.2, 7.675],
			"faces": {
				"north": {"uv": [0, 12.75, 0.25, 13], "texture": "#0"},
				"east": {"uv": [0, 12.75, 0.25, 13], "texture": "#0"},
				"south": {"uv": [0, 12.75, 0.25, 13], "texture": "#0"},
				"west": {"uv": [0, 12.75, 0.25, 13], "texture": "#0"},
				"up": {"uv": [0.25, 13, 0, 12.75], "texture": "#0"},
				"down": {"uv": [0.25, 12.75, 0, 13], "texture": "#0"}
			}
		},
		{
			"from": [7.625, 18.925, 8.225],
			"to": [7.9, 19.2, 8.5],
			"faces": {
				"north": {"uv": [0.25, 13.25, 0.5, 13.5], "texture": "#0"},
				"east": {"uv": [0.25, 13.25, 0.5, 13.5], "texture": "#0"},
				"south": {"uv": [0.25, 13.25, 0.5, 13.5], "texture": "#0"},
				"west": {"uv": [0.25, 13.25, 0.5, 13.5], "texture": "#0"},
				"up": {"uv": [0.5, 13.5, 0.25, 13.25], "texture": "#0"},
				"down": {"uv": [0.5, 13.25, 0.25, 13.5], "texture": "#0"}
			}
		},
		{
			"from": [7.3, 19.5, 8.325],
			"to": [7.575, 19.775, 8.6],
			"faces": {
				"north": {"uv": [0.25, 13, 0.5, 13.25], "texture": "#0"},
				"east": {"uv": [0.25, 13, 0.5, 13.25], "texture": "#0"},
				"south": {"uv": [0.25, 13, 0.5, 13.25], "texture": "#0"},
				"west": {"uv": [0.25, 13, 0.5, 13.25], "texture": "#0"},
				"up": {"uv": [0.5, 13.25, 0.25, 13], "texture": "#0"},
				"down": {"uv": [0.5, 13, 0.25, 13.25], "texture": "#0"}
			}
		},
		{
			"from": [7.075, 18.5, 8.325],
			"to": [7.35, 18.775, 8.6],
			"faces": {
				"north": {"uv": [0.5, 13.25, 0.75, 13.5], "texture": "#0"},
				"east": {"uv": [0.5, 13.25, 0.75, 13.5], "texture": "#0"},
				"south": {"uv": [0.5, 13.25, 0.75, 13.5], "texture": "#0"},
				"west": {"uv": [0.5, 13.25, 0.75, 13.5], "texture": "#0"},
				"up": {"uv": [0.75, 13.5, 0.5, 13.25], "texture": "#0"},
				"down": {"uv": [0.75, 13.25, 0.5, 13.5], "texture": "#0"}
			}
		},
		{
			"from": [7.625, 17.825, 8.275],
			"to": [7.9, 18.1, 8.55],
			"faces": {
				"north": {"uv": [0.5, 12.75, 0.75, 13], "texture": "#0"},
				"east": {"uv": [0.5, 12.75, 0.75, 13], "texture": "#0"},
				"south": {"uv": [0.5, 12.75, 0.75, 13], "texture": "#0"},
				"west": {"uv": [0.5, 12.75, 0.75, 13], "texture": "#0"},
				"up": {"uv": [0.75, 13, 0.5, 12.75], "texture": "#0"},
				"down": {"uv": [0.75, 12.75, 0.5, 13], "texture": "#0"}
			}
		},
		{
			"from": [7.825, 17.025, 8.35],
			"to": [8.1, 17.3, 8.625],
			"faces": {
				"north": {"uv": [0, 13, 0.25, 13.25], "texture": "#0"},
				"east": {"uv": [0, 13, 0.25, 13.25], "texture": "#0"},
				"south": {"uv": [0, 13, 0.25, 13.25], "texture": "#0"},
				"west": {"uv": [0, 13, 0.25, 13.25], "texture": "#0"},
				"up": {"uv": [0.25, 13.25, 0, 13], "texture": "#0"},
				"down": {"uv": [0.25, 13, 0, 13.25], "texture": "#0"}
			}
		},
		{
			"from": [7.35, 16.625, 8.3],
			"to": [7.625, 16.9, 8.575],
			"faces": {
				"north": {"uv": [0.25, 12.75, 0.5, 13], "texture": "#0"},
				"east": {"uv": [0.25, 12.75, 0.5, 13], "texture": "#0"},
				"south": {"uv": [0.25, 12.75, 0.5, 13], "texture": "#0"},
				"west": {"uv": [0.25, 12.75, 0.5, 13], "texture": "#0"},
				"up": {"uv": [0.5, 13, 0.25, 12.75], "texture": "#0"},
				"down": {"uv": [0.5, 12.75, 0.25, 13], "texture": "#0"}
			}
		},
		{
			"from": [6.9, 16.625, 7.625],
			"to": [7.175, 16.9, 7.9],
			"faces": {
				"north": {"uv": [0, 13, 0.25, 13.25], "texture": "#0"},
				"east": {"uv": [0, 13, 0.25, 13.25], "texture": "#0"},
				"south": {"uv": [0, 13, 0.25, 13.25], "texture": "#0"},
				"west": {"uv": [0, 13, 0.25, 13.25], "texture": "#0"},
				"up": {"uv": [0.25, 13.25, 0, 13], "texture": "#0"},
				"down": {"uv": [0.25, 13, 0, 13.25], "texture": "#0"}
			}
		},
		{
			"from": [7.225, 15.525, 8.475],
			"to": [7.5, 15.8, 8.75],
			"faces": {
				"north": {"uv": [0, 13.25, 0.25, 13.5], "texture": "#0"},
				"east": {"uv": [0, 13.25, 0.25, 13.5], "texture": "#0"},
				"south": {"uv": [0, 13.25, 0.25, 13.5], "texture": "#0"},
				"west": {"uv": [0, 13.25, 0.25, 13.5], "texture": "#0"},
				"up": {"uv": [0.25, 13.5, 0, 13.25], "texture": "#0"},
				"down": {"uv": [0.25, 13.25, 0, 13.5], "texture": "#0"}
			}
		},
		{
			"from": [7.775, 15.025, 8.3],
			"to": [8.05, 15.3, 8.575],
			"faces": {
				"north": {"uv": [0, 12.75, 0.25, 13], "texture": "#0"},
				"east": {"uv": [0, 12.75, 0.25, 13], "texture": "#0"},
				"south": {"uv": [0, 12.75, 0.25, 13], "texture": "#0"},
				"west": {"uv": [0, 12.75, 0.25, 13], "texture": "#0"},
				"up": {"uv": [0.25, 13, 0, 12.75], "texture": "#0"},
				"down": {"uv": [0.25, 12.75, 0, 13], "texture": "#0"}
			}
		},
		{
			"from": [6.975, 15.225, 8],
			"to": [7.25, 15.5, 8.275],
			"faces": {
				"north": {"uv": [0.5, 13.25, 0.75, 13.5], "texture": "#0"},
				"east": {"uv": [0.5, 13.25, 0.75, 13.5], "texture": "#0"},
				"south": {"uv": [0.5, 13.25, 0.75, 13.5], "texture": "#0"},
				"west": {"uv": [0.5, 13.25, 0.75, 13.5], "texture": "#0"},
				"up": {"uv": [0.75, 13.5, 0.5, 13.25], "texture": "#0"},
				"down": {"uv": [0.75, 13.25, 0.5, 13.5], "texture": "#0"}
			}
		},
		{
			"from": [7.25, 14.525, 8.25],
			"to": [7.525, 14.8, 8.525],
			"faces": {
				"north": {"uv": [0.25, 12.75, 0.5, 13], "texture": "#0"},
				"east": {"uv": [0.25, 12.75, 0.5, 13], "texture": "#0"},
				"south": {"uv": [0.25, 12.75, 0.5, 13], "texture": "#0"},
				"west": {"uv": [0.25, 12.75, 0.5, 13], "texture": "#0"},
				"up": {"uv": [0.5, 13, 0.25, 12.75], "texture": "#0"},
				"down": {"uv": [0.5, 12.75, 0.25, 13], "texture": "#0"}
			}
		},
		{
			"from": [6.775, 14.65, 7.8],
			"to": [7.05, 14.925, 8.075],
			"faces": {
				"north": {"uv": [0, 13, 0.25, 13.25], "texture": "#0"},
				"east": {"uv": [0, 13, 0.25, 13.25], "texture": "#0"},
				"south": {"uv": [0, 13, 0.25, 13.25], "texture": "#0"},
				"west": {"uv": [0, 13, 0.25, 13.25], "texture": "#0"},
				"up": {"uv": [0.25, 13.25, 0, 13], "texture": "#0"},
				"down": {"uv": [0.25, 13, 0, 13.25], "texture": "#0"}
			}
		},
		{
			"from": [7.25, 14.475, 7.525],
			"to": [7.525, 14.75, 7.8],
			"faces": {
				"north": {"uv": [0, 12.75, 0.25, 13], "texture": "#0"},
				"east": {"uv": [0, 12.75, 0.25, 13], "texture": "#0"},
				"south": {"uv": [0, 12.75, 0.25, 13], "texture": "#0"},
				"west": {"uv": [0, 12.75, 0.25, 13], "texture": "#0"},
				"up": {"uv": [0.25, 13, 0, 12.75], "texture": "#0"},
				"down": {"uv": [0.25, 12.75, 0, 13], "texture": "#0"}
			}
		},
		{
			"from": [6.925, 13.9, 7.8],
			"to": [7.2, 14.175, 8.075],
			"faces": {
				"north": {"uv": [0.5, 13.25, 0.75, 13.5], "texture": "#0"},
				"east": {"uv": [0.5, 13.25, 0.75, 13.5], "texture": "#0"},
				"south": {"uv": [0.5, 13.25, 0.75, 13.5], "texture": "#0"},
				"west": {"uv": [0.5, 13.25, 0.75, 13.5], "texture": "#0"},
				"up": {"uv": [0.75, 13.5, 0.5, 13.25], "texture": "#0"},
				"down": {"uv": [0.75, 13.25, 0.5, 13.5], "texture": "#0"}
			}
		},
		{
			"from": [7.325, 13.6, 7.3],
			"to": [7.6, 13.875, 7.575],
			"faces": {
				"north": {"uv": [0.25, 13.25, 0.5, 13.5], "texture": "#0"},
				"east": {"uv": [0.25, 13.25, 0.5, 13.5], "texture": "#0"},
				"south": {"uv": [0.25, 13.25, 0.5, 13.5], "texture": "#0"},
				"west": {"uv": [0.25, 13.25, 0.5, 13.5], "texture": "#0"},
				"up": {"uv": [0.5, 13.5, 0.25, 13.25], "texture": "#0"},
				"down": {"uv": [0.5, 13.25, 0.25, 13.5], "texture": "#0"}
			}
		},
		{
			"from": [6.925, 12.775, 7.5],
			"to": [7.2, 13.05, 7.775],
			"faces": {
				"north": {"uv": [0.5, 13, 0.75, 13.25], "texture": "#0"},
				"east": {"uv": [0.5, 13, 0.75, 13.25], "texture": "#0"},
				"south": {"uv": [0.5, 13, 0.75, 13.25], "texture": "#0"},
				"west": {"uv": [0.5, 13, 0.75, 13.25], "texture": "#0"},
				"up": {"uv": [0.75, 13.25, 0.5, 13], "texture": "#0"},
				"down": {"uv": [0.75, 13, 0.5, 13.25], "texture": "#0"}
			}
		},
		{
			"from": [6.925, 12.175, 7.85],
			"to": [7.2, 12.45, 8.125],
			"faces": {
				"north": {"uv": [0.25, 12.75, 0.5, 13], "texture": "#0"},
				"east": {"uv": [0.25, 12.75, 0.5, 13], "texture": "#0"},
				"south": {"uv": [0.25, 12.75, 0.5, 13], "texture": "#0"},
				"west": {"uv": [0.25, 12.75, 0.5, 13], "texture": "#0"},
				"up": {"uv": [0.5, 13, 0.25, 12.75], "texture": "#0"},
				"down": {"uv": [0.5, 12.75, 0.25, 13], "texture": "#0"}
			}
		},
		{
			"from": [6.65, 11.55, 7.6],
			"to": [6.925, 11.825, 7.875],
			"faces": {
				"north": {"uv": [0, 13, 0.25, 13.25], "texture": "#0"},
				"east": {"uv": [0, 13, 0.25, 13.25], "texture": "#0"},
				"south": {"uv": [0, 13, 0.25, 13.25], "texture": "#0"},
				"west": {"uv": [0, 13, 0.25, 13.25], "texture": "#0"},
				"up": {"uv": [0.25, 13.25, 0, 13], "texture": "#0"},
				"down": {"uv": [0.25, 13, 0, 13.25], "texture": "#0"}
			}
		},
		{
			"from": [7.05, 11.35, 8.3],
			"to": [7.325, 11.625, 8.575],
			"faces": {
				"north": {"uv": [0.5, 12.75, 0.75, 13], "texture": "#0"},
				"east": {"uv": [0.5, 12.75, 0.75, 13], "texture": "#0"},
				"south": {"uv": [0.5, 12.75, 0.75, 13], "texture": "#0"},
				"west": {"uv": [0.5, 12.75, 0.75, 13], "texture": "#0"},
				"up": {"uv": [0.75, 13, 0.5, 12.75], "texture": "#0"},
				"down": {"uv": [0.75, 12.75, 0.5, 13], "texture": "#0"}
			}
		},
		{
			"from": [7.05, 10.225, 8.5],
			"to": [7.325, 10.5, 8.775],
			"faces": {
				"north": {"uv": [0, 13, 0.25, 13.25], "texture": "#0"},
				"east": {"uv": [0, 13, 0.25, 13.25], "texture": "#0"},
				"south": {"uv": [0, 13, 0.25, 13.25], "texture": "#0"},
				"west": {"uv": [0, 13, 0.25, 13.25], "texture": "#0"},
				"up": {"uv": [0.25, 13.25, 0, 13], "texture": "#0"},
				"down": {"uv": [0.25, 13, 0, 13.25], "texture": "#0"}
			}
		},
		{
			"from": [7.65, 9.85, 8.3],
			"to": [7.925, 10.125, 8.575],
			"faces": {
				"north": {"uv": [0.25, 12.75, 0.5, 13], "texture": "#0"},
				"east": {"uv": [0.25, 12.75, 0.5, 13], "texture": "#0"},
				"south": {"uv": [0.25, 12.75, 0.5, 13], "texture": "#0"},
				"west": {"uv": [0.25, 12.75, 0.5, 13], "texture": "#0"},
				"up": {"uv": [0.5, 13, 0.25, 12.75], "texture": "#0"},
				"down": {"uv": [0.5, 12.75, 0.25, 13], "texture": "#0"}
			}
		},
		{
			"from": [7.95, 8.85, 8.225],
			"to": [8.225, 9.125, 8.5],
			"faces": {
				"north": {"uv": [0.5, 13, 0.75, 13.25], "texture": "#0"},
				"east": {"uv": [0.5, 13, 0.75, 13.25], "texture": "#0"},
				"south": {"uv": [0.5, 13, 0.75, 13.25], "texture": "#0"},
				"west": {"uv": [0.5, 13, 0.75, 13.25], "texture": "#0"},
				"up": {"uv": [0.75, 13.25, 0.5, 13], "texture": "#0"},
				"down": {"uv": [0.75, 13, 0.5, 13.25], "texture": "#0"}
			}
		},
		{
			"from": [7.45, 8.35, 8.275],
			"to": [7.725, 8.625, 8.55],
			"faces": {
				"north": {"uv": [0, 13.25, 0.25, 13.5], "texture": "#0"},
				"east": {"uv": [0, 13.25, 0.25, 13.5], "texture": "#0"},
				"south": {"uv": [0, 13.25, 0.25, 13.5], "texture": "#0"},
				"west": {"uv": [0, 13.25, 0.25, 13.5], "texture": "#0"},
				"up": {"uv": [0.25, 13.5, 0, 13.25], "texture": "#0"},
				"down": {"uv": [0.25, 13.25, 0, 13.5], "texture": "#0"}
			}
		},
		{
			"from": [7.65, 7.65, 8.35],
			"to": [7.925, 7.925, 8.625],
			"faces": {
				"north": {"uv": [0.5, 13.25, 0.75, 13.5], "texture": "#0"},
				"east": {"uv": [0.5, 13.25, 0.75, 13.5], "texture": "#0"},
				"south": {"uv": [0.5, 13.25, 0.75, 13.5], "texture": "#0"},
				"west": {"uv": [0.5, 13.25, 0.75, 13.5], "texture": "#0"},
				"up": {"uv": [0.75, 13.5, 0.5, 13.25], "texture": "#0"},
				"down": {"uv": [0.75, 13.25, 0.5, 13.5], "texture": "#0"}
			}
		},
		{
			"from": [7.2, 7.075, 8.35],
			"to": [7.475, 7.35, 8.625],
			"faces": {
				"north": {"uv": [0.25, 12.75, 0.5, 13], "texture": "#0"},
				"east": {"uv": [0.25, 12.75, 0.5, 13], "texture": "#0"},
				"south": {"uv": [0.25, 12.75, 0.5, 13], "texture": "#0"},
				"west": {"uv": [0.25, 12.75, 0.5, 13], "texture": "#0"},
				"up": {"uv": [0.5, 13, 0.25, 12.75], "texture": "#0"},
				"down": {"uv": [0.5, 12.75, 0.25, 13], "texture": "#0"}
			}
		},
		{
			"from": [6.925, 10.65, 7.875],
			"to": [7.2, 10.925, 8.15],
			"faces": {
				"north": {"uv": [0.25, 13, 0.5, 13.25], "texture": "#0"},
				"east": {"uv": [0.25, 13, 0.5, 13.25], "texture": "#0"},
				"south": {"uv": [0.25, 13, 0.5, 13.25], "texture": "#0"},
				"west": {"uv": [0.25, 13, 0.5, 13.25], "texture": "#0"},
				"up": {"uv": [0.5, 13.25, 0.25, 13], "texture": "#0"},
				"down": {"uv": [0.5, 13, 0.25, 13.25], "texture": "#0"}
			}
		},
		{
			"from": [6.775, 9.675, 7.975],
			"to": [7.05, 9.95, 8.25],
			"faces": {
				"north": {"uv": [0.5, 13.25, 0.75, 13.5], "texture": "#0"},
				"east": {"uv": [0.5, 13.25, 0.75, 13.5], "texture": "#0"},
				"south": {"uv": [0.5, 13.25, 0.75, 13.5], "texture": "#0"},
				"west": {"uv": [0.5, 13.25, 0.75, 13.5], "texture": "#0"},
				"up": {"uv": [0.75, 13.5, 0.5, 13.25], "texture": "#0"},
				"down": {"uv": [0.75, 13.25, 0.5, 13.5], "texture": "#0"}
			}
		},
		{
			"from": [7.125, 9.475, 7.5],
			"to": [7.4, 9.75, 7.775],
			"faces": {
				"north": {"uv": [0.5, 13.25, 0.75, 13.5], "texture": "#0"},
				"east": {"uv": [0.5, 13.25, 0.75, 13.5], "texture": "#0"},
				"south": {"uv": [0.5, 13.25, 0.75, 13.5], "texture": "#0"},
				"west": {"uv": [0.5, 13.25, 0.75, 13.5], "texture": "#0"},
				"up": {"uv": [0.75, 13.5, 0.5, 13.25], "texture": "#0"},
				"down": {"uv": [0.75, 13.25, 0.5, 13.5], "texture": "#0"}
			}
		},
		{
			"from": [7.025, 8.825, 7.425],
			"to": [7.3, 9.1, 7.7],
			"faces": {
				"north": {"uv": [0.5, 13, 0.75, 12.75], "texture": "#0"},
				"east": {"uv": [0.5, 13, 0.75, 12.75], "texture": "#0"},
				"south": {"uv": [0.5, 13, 0.75, 12.75], "texture": "#0"},
				"west": {"uv": [0.5, 13, 0.75, 12.75], "texture": "#0"},
				"up": {"uv": [0.75, 12.75, 0.5, 13], "texture": "#0"},
				"down": {"uv": [0.75, 13, 0.5, 12.75], "texture": "#0"}
			}
		},
		{
			"from": [7.475, 8.175, 7.3],
			"to": [7.75, 8.45, 7.575],
			"faces": {
				"north": {"uv": [0, 13.5, 0.25, 13.25], "texture": "#0"},
				"east": {"uv": [0, 13.5, 0.25, 13.25], "texture": "#0"},
				"south": {"uv": [0, 13.5, 0.25, 13.25], "texture": "#0"},
				"west": {"uv": [0, 13.5, 0.25, 13.25], "texture": "#0"},
				"up": {"uv": [0.25, 13.25, 0, 13.5], "texture": "#0"},
				"down": {"uv": [0.25, 13.5, 0, 13.25], "texture": "#0"}
			}
		},
		{
			"from": [7.95, 7.575, 7.3],
			"to": [8.225, 7.85, 7.575],
			"faces": {
				"north": {"uv": [0.25, 13, 0.5, 12.75], "texture": "#0"},
				"east": {"uv": [0.25, 13, 0.5, 12.75], "texture": "#0"},
				"south": {"uv": [0.25, 13, 0.5, 12.75], "texture": "#0"},
				"west": {"uv": [0.25, 13, 0.5, 12.75], "texture": "#0"},
				"up": {"uv": [0.5, 12.75, 0.25, 13], "texture": "#0"},
				"down": {"uv": [0.5, 13, 0.25, 12.75], "texture": "#0"}
			}
		},
		{
			"from": [7.4, 7.15, 7.325],
			"to": [7.675, 7.425, 7.6],
			"faces": {
				"north": {"uv": [0, 13.25, 0.25, 13], "texture": "#0"},
				"east": {"uv": [0, 13.25, 0.25, 13], "texture": "#0"},
				"south": {"uv": [0, 13.25, 0.25, 13], "texture": "#0"},
				"west": {"uv": [0, 13.25, 0.25, 13], "texture": "#0"},
				"up": {"uv": [0.25, 13, 0, 13.25], "texture": "#0"},
				"down": {"uv": [0.25, 13.25, 0, 13], "texture": "#0"}
			}
		},
		{
			"from": [8.45, 7.15, 7.225],
			"to": [8.725, 7.425, 7.5],
			"faces": {
				"north": {"uv": [0.25, 13, 0.5, 12.75], "texture": "#0"},
				"east": {"uv": [0.25, 13, 0.5, 12.75], "texture": "#0"},
				"south": {"uv": [0.25, 13, 0.5, 12.75], "texture": "#0"},
				"west": {"uv": [0.25, 13, 0.5, 12.75], "texture": "#0"},
				"up": {"uv": [0.5, 12.75, 0.25, 13], "texture": "#0"},
				"down": {"uv": [0.5, 13, 0.25, 12.75], "texture": "#0"}
			}
		},
		{
			"from": [8.775, 7.225, 7.6],
			"to": [9.05, 7.5, 7.875],
			"faces": {
				"north": {"uv": [0.5, 13.5, 0.75, 13.25], "texture": "#0"},
				"east": {"uv": [0.5, 13.5, 0.75, 13.25], "texture": "#0"},
				"south": {"uv": [0.5, 13.5, 0.75, 13.25], "texture": "#0"},
				"west": {"uv": [0.5, 13.5, 0.75, 13.25], "texture": "#0"},
				"up": {"uv": [0.75, 13.25, 0.5, 13.5], "texture": "#0"},
				"down": {"uv": [0.75, 13.5, 0.5, 13.25], "texture": "#0"}
			}
		},
		{
			"from": [9.425, 7.175, 7.9],
			"to": [9.7, 7.45, 8.175],
			"faces": {
				"north": {"uv": [0, 13.25, 0.25, 13], "texture": "#0"},
				"east": {"uv": [0, 13.25, 0.25, 13], "texture": "#0"},
				"south": {"uv": [0, 13.25, 0.25, 13], "texture": "#0"},
				"west": {"uv": [0, 13.25, 0.25, 13], "texture": "#0"},
				"up": {"uv": [0.25, 13, 0, 13.25], "texture": "#0"},
				"down": {"uv": [0.25, 13.25, 0, 13], "texture": "#0"}
			}
		},
		{
			"from": [8.575, 7.25, 8.1],
			"to": [8.85, 7.525, 8.375],
			"faces": {
				"north": {"uv": [0.5, 13, 0.75, 12.75], "texture": "#0"},
				"east": {"uv": [0.5, 13, 0.75, 12.75], "texture": "#0"},
				"south": {"uv": [0.5, 13, 0.75, 12.75], "texture": "#0"},
				"west": {"uv": [0.5, 13, 0.75, 12.75], "texture": "#0"},
				"up": {"uv": [0.75, 12.75, 0.5, 13], "texture": "#0"},
				"down": {"uv": [0.75, 13, 0.5, 12.75], "texture": "#0"}
			}
		},
		{
			"from": [7.95, 7.175, 8.425],
			"to": [8.225, 7.45, 8.7],
			"faces": {
				"north": {"uv": [0, 13.25, 0.25, 13], "texture": "#0"},
				"east": {"uv": [0, 13.25, 0.25, 13], "texture": "#0"},
				"south": {"uv": [0, 13.25, 0.25, 13], "texture": "#0"},
				"west": {"uv": [0, 13.25, 0.25, 13], "texture": "#0"},
				"up": {"uv": [0.25, 13, 0, 13.25], "texture": "#0"},
				"down": {"uv": [0.25, 13.25, 0, 13], "texture": "#0"}
			}
		},
		{
			"from": [7.8, 9.65, 7.525],
			"to": [8.075, 9.925, 7.8],
			"faces": {
				"north": {"uv": [0.25, 12.75, 0.5, 13], "texture": "#0"},
				"east": {"uv": [0.25, 12.75, 0.5, 13], "texture": "#0"},
				"south": {"uv": [0.25, 12.75, 0.5, 13], "texture": "#0"},
				"west": {"uv": [0.25, 12.75, 0.5, 13], "texture": "#0"},
				"up": {"uv": [0.5, 13, 0.25, 12.75], "texture": "#0"},
				"down": {"uv": [0.5, 12.75, 0.25, 13], "texture": "#0"}
			}
		},
		{
			"from": [7.925, 8.7, 7.475],
			"to": [8.2, 8.975, 7.75],
			"faces": {
				"north": {"uv": [0.5, 13.25, 0.75, 13.5], "texture": "#0"},
				"east": {"uv": [0.5, 13.25, 0.75, 13.5], "texture": "#0"},
				"south": {"uv": [0.5, 13.25, 0.75, 13.5], "texture": "#0"},
				"west": {"uv": [0.5, 13.25, 0.75, 13.5], "texture": "#0"},
				"up": {"uv": [0.75, 13.5, 0.5, 13.25], "texture": "#0"},
				"down": {"uv": [0.75, 13.25, 0.5, 13.5], "texture": "#0"}
			}
		},
		{
			"from": [7.425, 11.175, 8.525],
			"to": [7.7, 11.45, 8.8],
			"faces": {
				"north": {"uv": [0, 12.75, 0.25, 13], "texture": "#0"},
				"east": {"uv": [0, 12.75, 0.25, 13], "texture": "#0"},
				"south": {"uv": [0, 12.75, 0.25, 13], "texture": "#0"},
				"west": {"uv": [0, 12.75, 0.25, 13], "texture": "#0"},
				"up": {"uv": [0.25, 13, 0, 12.75], "texture": "#0"},
				"down": {"uv": [0.25, 12.75, 0, 13], "texture": "#0"}
			}
		},
		{
			"from": [7.95, 11.95, 8.4],
			"to": [8.225, 12.225, 8.675],
			"faces": {
				"north": {"uv": [0, 13.25, 0.25, 13.5], "texture": "#0"},
				"east": {"uv": [0, 13.25, 0.25, 13.5], "texture": "#0"},
				"south": {"uv": [0, 13.25, 0.25, 13.5], "texture": "#0"},
				"west": {"uv": [0, 13.25, 0.25, 13.5], "texture": "#0"},
				"up": {"uv": [0.25, 13.5, 0, 13.25], "texture": "#0"},
				"down": {"uv": [0.25, 13.25, 0, 13.5], "texture": "#0"}
			}
		},
		{
			"from": [7.475, 12.5, 8.4],
			"to": [7.75, 12.775, 8.675],
			"faces": {
				"north": {"uv": [0.5, 12.75, 0.75, 13], "texture": "#0"},
				"east": {"uv": [0.5, 12.75, 0.75, 13], "texture": "#0"},
				"south": {"uv": [0.5, 12.75, 0.75, 13], "texture": "#0"},
				"west": {"uv": [0.5, 12.75, 0.75, 13], "texture": "#0"},
				"up": {"uv": [0.75, 13, 0.5, 12.75], "texture": "#0"},
				"down": {"uv": [0.75, 12.75, 0.5, 13], "texture": "#0"}
			}
		},
		{
			"from": [7.7, 13.15, 7.3],
			"to": [7.975, 13.425, 7.575],
			"faces": {
				"north": {"uv": [0.5, 12.75, 0.75, 13], "texture": "#0"},
				"east": {"uv": [0.5, 12.75, 0.75, 13], "texture": "#0"},
				"south": {"uv": [0.5, 12.75, 0.75, 13], "texture": "#0"},
				"west": {"uv": [0.5, 12.75, 0.75, 13], "texture": "#0"},
				"up": {"uv": [0.75, 13, 0.5, 12.75], "texture": "#0"},
				"down": {"uv": [0.75, 12.75, 0.5, 13], "texture": "#0"}
			}
		},
		{
			"from": [7.15, 16.075, 8.15],
			"to": [7.425, 16.35, 8.425],
			"faces": {
				"north": {"uv": [0.25, 12.75, 0.5, 13], "texture": "#0"},
				"east": {"uv": [0.25, 12.75, 0.5, 13], "texture": "#0"},
				"south": {"uv": [0.25, 12.75, 0.5, 13], "texture": "#0"},
				"west": {"uv": [0.25, 12.75, 0.5, 13], "texture": "#0"},
				"up": {"uv": [0.5, 13, 0.25, 12.75], "texture": "#0"},
				"down": {"uv": [0.5, 12.75, 0.25, 13], "texture": "#0"}
			}
		},
		{
			"from": [6.9, 16.625, 7.625],
			"to": [7.175, 16.9, 7.9],
			"faces": {
				"north": {"uv": [0, 13, 0.25, 13.25], "texture": "#0"},
				"east": {"uv": [0, 13, 0.25, 13.25], "texture": "#0"},
				"south": {"uv": [0, 13, 0.25, 13.25], "texture": "#0"},
				"west": {"uv": [0, 13, 0.25, 13.25], "texture": "#0"},
				"up": {"uv": [0.25, 13.25, 0, 13], "texture": "#0"},
				"down": {"uv": [0.25, 13, 0, 13.25], "texture": "#0"}
			}
		},
		{
			"from": [7.35, 17.15, 7.2],
			"to": [7.625, 17.425, 7.475],
			"faces": {
				"north": {"uv": [0.25, 13, 0.5, 13.25], "texture": "#0"},
				"east": {"uv": [0.25, 13, 0.5, 13.25], "texture": "#0"},
				"south": {"uv": [0.25, 13, 0.5, 13.25], "texture": "#0"},
				"west": {"uv": [0.25, 13, 0.5, 13.25], "texture": "#0"},
				"up": {"uv": [0.5, 13.25, 0.25, 13], "texture": "#0"},
				"down": {"uv": [0.5, 13, 0.25, 13.25], "texture": "#0"}
			}
		},
		{
			"from": [7.675, 17.85, 7.4],
			"to": [7.95, 18.125, 7.675],
			"faces": {
				"north": {"uv": [0.5, 13.25, 0.75, 13.5], "texture": "#0"},
				"east": {"uv": [0.5, 13.25, 0.75, 13.5], "texture": "#0"},
				"south": {"uv": [0.5, 13.25, 0.75, 13.5], "texture": "#0"},
				"west": {"uv": [0.5, 13.25, 0.75, 13.5], "texture": "#0"},
				"up": {"uv": [0.75, 13.5, 0.5, 13.25], "texture": "#0"},
				"down": {"uv": [0.75, 13.25, 0.5, 13.5], "texture": "#0"}
			}
		},
		{
			"from": [6.925, 18.175, 7.85],
			"to": [7.2, 18.45, 8.125],
			"faces": {
				"north": {"uv": [0, 12.75, 0.25, 13], "texture": "#0"},
				"east": {"uv": [0, 12.75, 0.25, 13], "texture": "#0"},
				"south": {"uv": [0, 12.75, 0.25, 13], "texture": "#0"},
				"west": {"uv": [0, 12.75, 0.25, 13], "texture": "#0"},
				"up": {"uv": [0.25, 13, 0, 12.75], "texture": "#0"},
				"down": {"uv": [0.25, 12.75, 0, 13], "texture": "#0"}
			}
		},
		{
			"from": [7.95, 20.05, 8.25],
			"to": [8.225, 20.325, 8.525],
			"faces": {
				"north": {"uv": [0.5, 13, 0.75, 13.25], "texture": "#0"},
				"east": {"uv": [0.5, 13, 0.75, 13.25], "texture": "#0"},
				"south": {"uv": [0.5, 13, 0.75, 13.25], "texture": "#0"},
				"west": {"uv": [0.5, 13, 0.75, 13.25], "texture": "#0"},
				"up": {"uv": [0.75, 13.25, 0.5, 13], "texture": "#0"},
				"down": {"uv": [0.75, 13, 0.5, 13.25], "texture": "#0"}
			}
		},
		{
			"from": [7.325, 20.5, 7.5],
			"to": [7.825, 21.25, 8],
			"faces": {
				"north": {"uv": [7.25, 4.25, 7.5, 4.5], "texture": "#0"},
				"east": {"uv": [4.5, 7.25, 4.75, 7.5], "texture": "#0"},
				"south": {"uv": [7.25, 4.5, 7.5, 4.75], "texture": "#0"},
				"west": {"uv": [4.75, 7.25, 5, 7.5], "texture": "#0"},
				"up": {"uv": [7.5, 5, 7.25, 4.75], "texture": "#0"},
				"down": {"uv": [5.25, 7.25, 5, 7.5], "texture": "#0"}
			}
		},
		{
			"from": [7.35, 19, 7.9],
			"to": [7.85, 19.75, 8.4],
			"faces": {
				"north": {"uv": [7.25, 1.25, 7.5, 1.5], "texture": "#0"},
				"east": {"uv": [1.5, 7.25, 1.75, 7.5], "texture": "#0"},
				"south": {"uv": [7.25, 1.5, 7.5, 1.75], "texture": "#0"},
				"west": {"uv": [1.75, 7.25, 2, 7.5], "texture": "#0"},
				"up": {"uv": [7.5, 2, 7.25, 1.75], "texture": "#0"},
				"down": {"uv": [2.25, 7.25, 2, 7.5], "texture": "#0"}
			}
		},
		{
			"from": [7.6, 19.75, 8.075],
			"to": [8.1, 20.5, 8.325],
			"faces": {
				"north": {"uv": [7.25, 2, 7.5, 2.25], "texture": "#0"},
				"east": {"uv": [2.25, 7.25, 2.5, 7.5], "texture": "#0"},
				"south": {"uv": [7.25, 2.25, 7.5, 2.5], "texture": "#0"},
				"west": {"uv": [2.5, 7.25, 2.75, 7.5], "texture": "#0"},
				"up": {"uv": [7.5, 2.75, 7.25, 2.5], "texture": "#0"},
				"down": {"uv": [3, 7.25, 2.75, 7.5], "texture": "#0"}
			}
		}
	],
	"display": {
		"thirdperson_righthand": {
			"rotation": [0, 90, 0],
			"translation": [0, 3.75, 1.5]
		},
		"thirdperson_lefthand": {
			"rotation": [0, -90, 0],
			"translation": [0, 3.75, 1.5]
		},
		"firstperson_righthand": {
			"rotation": [-10.25, 90, 0],
			"translation": [1.88, 3.2, 1.38],
			"scale": [0.48, 0.48, 0.48]
		},
		"firstperson_lefthand": {
			"rotation": [126, -90, 0],
			"translation": [2.38, 1.45, 1.13],
			"scale": [0.48, 0.48, 0.48]
		},
		"ground": {
			"scale": [0.5, 0.5, 0.5]
		},
		"gui": {
			"rotation": [0, -180, 45],
			"translation": [-3, -3, 0],
			"scale": [0.7, 0.7, 0.7]
		},
		"head": {
			"rotation": [0, 90, 0],
			"translation": [0, 42, 0],
			"scale": [4, 4, 4]
		},
		"fixed": {
			"rotation": [0, 0, 45],
			"translation": [4, -4, 0]
		}
	},
	"groups": [
		{
			"name": "group",
			"origin": [8, 0, 8],
			"color": 0,
			"children": [0, 1, 2, 3, 4, 5, 6, 7, 8, 9, 10, 11, 12, 13, 14, 15, 16, 17, 18, 19, 20]
		},
		{
			"name": "group",
			"origin": [8, 0, 8],
			"color": 0,
			"children": [21, 22, 23, 24, 25, 26, 27, 28, 29, 30, 31, 32, 33, 34, 35, 36, 37, 38, 39, 40, 41, 42]
		},
		{
			"name": "group",
			"origin": [8, 0, 8],
			"color": 0,
			"children": [43, 44, 45, 46, 47, 48, 49, 50, 51, 52, 53, 54, 55, 56, 57, 58, 59, 60, 61, 62, 63, 64]
		},
		{
			"name": "group",
			"origin": [8, 1.5, 8],
			"color": 0,
			"children": [65, 66, 67, 68, 69, 70, 71, 72, 73, 74, 75, 76, 77, 78, 79, 80, 81]
		},
		{
			"name": "group",
			"origin": [0, 0, 0],
			"color": 0,
			"children": [82, 83, 84, 85, 86]
		},
		{
			"name": "group",
			"origin": [0, 0, 0],
			"color": 0,
			"children": [
				87,
				88,
				89,
				90,
				91,
				92,
				93,
				94,
				95,
				96,
				97,
				98,
				99,
				100,
				101,
				102,
				103,
				104,
				105,
				106,
				107,
				108,
				109,
				110,
				111,
				112,
				113,
				114,
				115,
				116,
				117,
				118,
				119,
				120,
				121,
				122,
				123,
				124,
				125,
				126,
				127,
				128,
				129,
				130,
				131,
				132,
				133,
				134,
				135,
				136,
				137,
				138,
				139,
				140,
				141,
				142,
				143,
				144,
				145,
				146,
				147,
				148,
				149,
				150,
				151,
				152,
				153,
				154,
				155,
				156,
				157,
				158,
				159,
				160,
				161,
				162,
				163,
				164,
				165,
				166,
				167,
				168,
				169,
				170,
				171,
				172,
				173,
				174,
				175,
				176,
				177,
				178,
				179,
				180,
				181
			]
		}
	]
}