{
	"credit": "Made with Blockbench",
	"textures": {
		"0": "./gutar",
		"particle": "./gutar"
	},
	"elements": [
		{
			"from": [19, 23, 0],
			"to": [20, 24, 1],
			"rotation": {"angle": 0, "axis": "y", "origin": [4, 9, 0]},
			"faces": {
				"north": {"uv": [0.35345, 11.64655, 0.85345, 11.89655], "texture": "#0"},
				"east": {"uv": [0.35345, 11.64655, 0.85345, 11.89655], "texture": "#0"},
				"south": {"uv": [0.35345, 11.64655, 0.85345, 11.89655], "texture": "#0"},
				"west": {"uv": [0.35345, 11.64655, 0.85345, 11.89655], "texture": "#0"},
				"up": {"uv": [0.35345, 11.64655, 0.85345, 11.89655], "texture": "#0"},
				"down": {"uv": [0.35345, 11.64655, 0.85345, 11.89655], "texture": "#0"}
			}
		},
		{
			"from": [22, 23, 0],
			"to": [23, 24, 1],
			"rotation": {"angle": 0, "axis": "y", "origin": [4, 9, 0]},
			"faces": {
				"north": {"uv": [0.35345, 11.64655, 0.85345, 11.89655], "texture": "#0"},
				"east": {"uv": [0.35345, 11.64655, 0.85345, 11.89655], "texture": "#0"},
				"south": {"uv": [0.35345, 11.64655, 0.85345, 11.89655], "texture": "#0"},
				"west": {"uv": [0.35345, 11.64655, 0.85345, 11.89655], "texture": "#0"},
				"up": {"uv": [0.35345, 11.64655, 0.85345, 11.89655], "texture": "#0"},
				"down": {"uv": [0.35345, 11.64655, 0.85345, 11.89655], "texture": "#0"}
			}
		},
		{
			"from": [23, 24, 0],
			"to": [24, 25, 1],
			"rotation": {"angle": 0, "axis": "y", "origin": [4, 9, 0]},
			"faces": {
				"north": {"uv": [0.35345, 11.64655, 0.85345, 11.89655], "texture": "#0"},
				"east": {"uv": [0.35345, 11.64655, 0.85345, 11.89655], "texture": "#0"},
				"south": {"uv": [0.35345, 11.64655, 0.85345, 11.89655], "texture": "#0"},
				"west": {"uv": [0.35345, 11.64655, 0.85345, 11.89655], "texture": "#0"},
				"up": {"uv": [0.35345, 11.64655, 0.85345, 11.89655], "texture": "#0"},
				"down": {"uv": [0.35345, 11.64655, 0.85345, 11.89655], "texture": "#0"}
			}
		},
		{
			"from": [24, 25, 0],
			"to": [25, 26, 1],
			"rotation": {"angle": 0, "axis": "y", "origin": [4, 9, 0]},
			"faces": {
				"north": {"uv": [0.35345, 11.64655, 0.85345, 11.89655], "texture": "#0"},
				"east": {"uv": [0.35345, 11.64655, 0.85345, 11.89655], "texture": "#0"},
				"south": {"uv": [0.35345, 11.64655, 0.85345, 11.89655], "texture": "#0"},
				"west": {"uv": [0.35345, 11.64655, 0.85345, 11.89655], "texture": "#0"},
				"up": {"uv": [0.35345, 11.64655, 0.85345, 11.89655], "texture": "#0"},
				"down": {"uv": [0.35345, 11.64655, 0.85345, 11.89655], "texture": "#0"}
			}
		},
		{
			"from": [23, 26, 0],
			"to": [24, 28, 1],
			"rotation": {"angle": 0, "axis": "y", "origin": [4, 9, 0]},
			"faces": {
				"north": {"uv": [0.35345, 11.64655, 0.85345, 11.89655], "texture": "#0"},
				"east": {"uv": [0.35345, 11.64655, 0.85345, 11.89655], "texture": "#0"},
				"south": {"uv": [0.35345, 11.64655, 0.85345, 11.89655], "texture": "#0"},
				"west": {"uv": [0.35345, 11.64655, 0.85345, 11.89655], "texture": "#0"},
				"up": {"uv": [0.35345, 11.64655, 0.85345, 11.89655], "texture": "#0"},
				"down": {"uv": [0.35345, 11.64655, 0.85345, 11.89655], "texture": "#0"}
			}
		},
		{
			"from": [20, 24, 0],
			"to": [22, 25, 1],
			"rotation": {"angle": 0, "axis": "y", "origin": [4, 9, 0]},
			"faces": {
				"north": {"uv": [0.35345, 11.64655, 0.85345, 11.89655], "texture": "#0"},
				"east": {"uv": [0.35345, 11.64655, 0.85345, 11.89655], "texture": "#0"},
				"south": {"uv": [0.35345, 11.64655, 0.85345, 11.89655], "texture": "#0"},
				"west": {"uv": [0.35345, 11.64655, 0.85345, 11.89655], "texture": "#0"},
				"up": {"uv": [0.35345, 11.64655, 0.85345, 11.89655], "texture": "#0"},
				"down": {"uv": [0.35345, 11.64655, 0.85345, 11.89655], "texture": "#0"}
			}
		},
		{
			"from": [2, 1, 0],
			"to": [4, 2, 1],
			"rotation": {"angle": 0, "axis": "y", "origin": [4, 9, 0]},
			"faces": {
				"north": {"uv": [0.35345, 11.64655, 0.85345, 11.89655], "texture": "#0"},
				"east": {"uv": [0.35345, 11.64655, 0.85345, 11.89655], "texture": "#0"},
				"south": {"uv": [0.35345, 11.64655, 0.85345, 11.89655], "texture": "#0"},
				"west": {"uv": [0.35345, 11.64655, 0.85345, 11.89655], "texture": "#0"},
				"up": {"uv": [0.35345, 11.64655, 0.85345, 11.89655], "texture": "#0"},
				"down": {"uv": [0.35345, 11.64655, 0.85345, 11.89655], "texture": "#0"}
			}
		},
		{
			"from": [4, 2, 0],
			"to": [6, 3, 1],
			"rotation": {"angle": 0, "axis": "y", "origin": [4, 9, 0]},
			"faces": {
				"north": {"uv": [0.35345, 11.64655, 0.85345, 11.89655], "texture": "#0"},
				"east": {"uv": [0.35345, 11.64655, 0.85345, 11.89655], "texture": "#0"},
				"south": {"uv": [0.35345, 11.64655, 0.85345, 11.89655], "texture": "#0"},
				"west": {"uv": [0.35345, 11.64655, 0.85345, 11.89655], "texture": "#0"},
				"up": {"uv": [0.35345, 11.64655, 0.85345, 11.89655], "texture": "#0"},
				"down": {"uv": [0.35345, 11.64655, 0.85345, 11.89655], "texture": "#0"}
			}
		},
		{
			"from": [6, 3, 0],
			"to": [8, 4, 1],
			"rotation": {"angle": 0, "axis": "y", "origin": [4, 9, 0]},
			"faces": {
				"north": {"uv": [0.35345, 11.64655, 0.85345, 11.89655], "texture": "#0"},
				"east": {"uv": [0.35345, 11.64655, 0.85345, 11.89655], "texture": "#0"},
				"south": {"uv": [0.35345, 11.64655, 0.85345, 11.89655], "texture": "#0"},
				"west": {"uv": [0.35345, 11.64655, 0.85345, 11.89655], "texture": "#0"},
				"up": {"uv": [0.35345, 11.64655, 0.85345, 11.89655], "texture": "#0"},
				"down": {"uv": [0.35345, 11.64655, 0.85345, 11.89655], "texture": "#0"}
			}
		},
		{
			"from": [7, 4, 0],
			"to": [8, 7, 1],
			"rotation": {"angle": 0, "axis": "y", "origin": [4, 9, 0]},
			"faces": {
				"north": {"uv": [0.35345, 11.64655, 0.85345, 11.89655], "texture": "#0"},
				"east": {"uv": [0.35345, 11.64655, 0.85345, 11.89655], "texture": "#0"},
				"south": {"uv": [0.35345, 11.64655, 0.85345, 11.89655], "texture": "#0"},
				"west": {"uv": [0.35345, 11.64655, 0.85345, 11.89655], "texture": "#0"},
				"up": {"uv": [0.35345, 11.64655, 0.85345, 11.89655], "texture": "#0"},
				"down": {"uv": [0.35345, 11.64655, 0.85345, 11.89655], "texture": "#0"}
			}
		},
		{
			"from": [8, 7, 0],
			"to": [9, 8, 1],
			"rotation": {"angle": 0, "axis": "y", "origin": [4, 9, 0]},
			"faces": {
				"north": {"uv": [0.35345, 11.64655, 0.85345, 11.89655], "texture": "#0"},
				"east": {"uv": [0.35345, 11.64655, 0.85345, 11.89655], "texture": "#0"},
				"south": {"uv": [0.35345, 11.64655, 0.85345, 11.89655], "texture": "#0"},
				"west": {"uv": [0.35345, 11.64655, 0.85345, 11.89655], "texture": "#0"},
				"up": {"uv": [0.35345, 11.64655, 0.85345, 11.89655], "texture": "#0"},
				"down": {"uv": [0.35345, 11.64655, 0.85345, 11.89655], "texture": "#0"}
			}
		},
		{
			"from": [9, 8, 0],
			"to": [10, 9, 1],
			"rotation": {"angle": 0, "axis": "y", "origin": [4, 9, 0]},
			"faces": {
				"north": {"uv": [0.35345, 11.64655, 0.85345, 11.89655], "texture": "#0"},
				"east": {"uv": [0.35345, 11.64655, 0.85345, 11.89655], "texture": "#0"},
				"south": {"uv": [0.35345, 11.64655, 0.85345, 11.89655], "texture": "#0"},
				"west": {"uv": [0.35345, 11.64655, 0.85345, 11.89655], "texture": "#0"},
				"up": {"uv": [0.35345, 11.64655, 0.85345, 11.89655], "texture": "#0"},
				"down": {"uv": [0.35345, 11.64655, 0.85345, 11.89655], "texture": "#0"}
			}
		},
		{
			"from": [9, 12, 0],
			"to": [10, 14, 1],
			"rotation": {"angle": 0, "axis": "y", "origin": [4, 9, 0]},
			"faces": {
				"north": {"uv": [0.35345, 11.64655, 0.85345, 11.89655], "texture": "#0"},
				"east": {"uv": [0.35345, 11.64655, 0.85345, 11.89655], "texture": "#0"},
				"south": {"uv": [0.35345, 11.64655, 0.85345, 11.89655], "texture": "#0"},
				"west": {"uv": [0.35345, 11.64655, 0.85345, 11.89655], "texture": "#0"},
				"up": {"uv": [0.35345, 11.64655, 0.85345, 11.89655], "texture": "#0"},
				"down": {"uv": [0.35345, 11.64655, 0.85345, 11.89655], "texture": "#0"}
			}
		},
		{
			"from": [12, 10, 0],
			"to": [14, 11, 1],
			"rotation": {"angle": 0, "axis": "y", "origin": [4, 9, 0]},
			"faces": {
				"north": {"uv": [0.35345, 11.64655, 0.85345, 11.89655], "texture": "#0"},
				"east": {"uv": [0.35345, 11.64655, 0.85345, 11.89655], "texture": "#0"},
				"south": {"uv": [0.35345, 11.64655, 0.85345, 11.89655], "texture": "#0"},
				"west": {"uv": [0.35345, 11.64655, 0.85345, 11.89655], "texture": "#0"},
				"up": {"uv": [0.35345, 11.64655, 0.85345, 11.89655], "texture": "#0"},
				"down": {"uv": [0.35345, 11.64655, 0.85345, 11.89655], "texture": "#0"}
			}
		},
		{
			"from": [10, 11, 0],
			"to": [12, 12, 1],
			"rotation": {"angle": 0, "axis": "y", "origin": [4, 9, 0]},
			"faces": {
				"north": {"uv": [0.35345, 11.64655, 0.85345, 11.89655], "texture": "#0"},
				"east": {"uv": [0.35345, 11.64655, 0.85345, 11.89655], "texture": "#0"},
				"south": {"uv": [0.35345, 11.64655, 0.85345, 11.89655], "texture": "#0"},
				"west": {"uv": [0.35345, 11.64655, 0.85345, 11.89655], "texture": "#0"},
				"up": {"uv": [0.35345, 11.64655, 0.85345, 11.89655], "texture": "#0"},
				"down": {"uv": [0.35345, 11.64655, 0.85345, 11.89655], "texture": "#0"}
			}
		},
		{
			"from": [10, 9, 0],
			"to": [12, 10, 1],
			"rotation": {"angle": 0, "axis": "y", "origin": [4, 9, 0]},
			"faces": {
				"north": {"uv": [0.35345, 11.64655, 0.85345, 11.89655], "texture": "#0"},
				"east": {"uv": [0.35345, 11.64655, 0.85345, 11.89655], "texture": "#0"},
				"south": {"uv": [0.35345, 11.64655, 0.85345, 11.89655], "texture": "#0"},
				"west": {"uv": [0.35345, 11.64655, 0.85345, 11.89655], "texture": "#0"},
				"up": {"uv": [0.35345, 11.64655, 0.85345, 11.89655], "texture": "#0"},
				"down": {"uv": [0.35345, 11.64655, 0.85345, 11.89655], "texture": "#0"}
			}
		},
		{
			"from": [7, 14, 0],
			"to": [9, 15, 1],
			"rotation": {"angle": 0, "axis": "y", "origin": [4, 9, 0]},
			"faces": {
				"north": {"uv": [0.35345, 11.64655, 0.85345, 11.89655], "texture": "#0"},
				"east": {"uv": [0.35345, 11.64655, 0.85345, 11.89655], "texture": "#0"},
				"south": {"uv": [0.35345, 11.64655, 0.85345, 11.89655], "texture": "#0"},
				"west": {"uv": [0.35345, 11.64655, 0.85345, 11.89655], "texture": "#0"},
				"up": {"uv": [0.35345, 11.64655, 0.85345, 11.89655], "texture": "#0"},
				"down": {"uv": [0.35345, 11.64655, 0.85345, 11.89655], "texture": "#0"}
			}
		},
		{
			"from": [6, 15, 0],
			"to": [7, 17, 1],
			"rotation": {"angle": 0, "axis": "y", "origin": [4, 9, 0]},
			"faces": {
				"north": {"uv": [0.35345, 11.64655, 0.85345, 11.89655], "texture": "#0"},
				"east": {"uv": [0.35345, 11.64655, 0.85345, 11.89655], "texture": "#0"},
				"south": {"uv": [0.35345, 11.64655, 0.85345, 11.89655], "texture": "#0"},
				"west": {"uv": [0.35345, 11.64655, 0.85345, 11.89655], "texture": "#0"},
				"up": {"uv": [0.35345, 11.64655, 0.85345, 11.89655], "texture": "#0"},
				"down": {"uv": [0.35345, 11.64655, 0.85345, 11.89655], "texture": "#0"}
			}
		},
		{
			"from": [5, 17, 0],
			"to": [6, 19, 1],
			"rotation": {"angle": 0, "axis": "y", "origin": [4, 9, 0]},
			"faces": {
				"north": {"uv": [0.35345, 11.64655, 0.85345, 11.89655], "texture": "#0"},
				"east": {"uv": [0.35345, 11.64655, 0.85345, 11.89655], "texture": "#0"},
				"south": {"uv": [0.35345, 11.64655, 0.85345, 11.89655], "texture": "#0"},
				"west": {"uv": [0.35345, 11.64655, 0.85345, 11.89655], "texture": "#0"},
				"up": {"uv": [0.35345, 11.64655, 0.85345, 11.89655], "texture": "#0"},
				"down": {"uv": [0.35345, 11.64655, 0.85345, 11.89655], "texture": "#0"}
			}
		},
		{
			"from": [4, 15, 0],
			"to": [5, 17, 1],
			"rotation": {"angle": 0, "axis": "y", "origin": [4, 9, 0]},
			"faces": {
				"north": {"uv": [0.35345, 11.64655, 0.85345, 11.89655], "texture": "#0"},
				"east": {"uv": [0.35345, 11.64655, 0.85345, 11.89655], "texture": "#0"},
				"south": {"uv": [0.35345, 11.64655, 0.85345, 11.89655], "texture": "#0"},
				"west": {"uv": [0.35345, 11.64655, 0.85345, 11.89655], "texture": "#0"},
				"up": {"uv": [0.35345, 11.64655, 0.85345, 11.89655], "texture": "#0"},
				"down": {"uv": [0.35345, 11.64655, 0.85345, 11.89655], "texture": "#0"}
			}
		},
		{
			"from": [2, 13, 0],
			"to": [3, 14, 1],
			"rotation": {"angle": 0, "axis": "y", "origin": [4, 9, 0]},
			"faces": {
				"north": {"uv": [0.35345, 11.64655, 0.85345, 11.89655], "texture": "#0"},
				"east": {"uv": [0.35345, 11.64655, 0.85345, 11.89655], "texture": "#0"},
				"south": {"uv": [0.35345, 11.64655, 0.85345, 11.89655], "texture": "#0"},
				"west": {"uv": [0.35345, 11.64655, 0.85345, 11.89655], "texture": "#0"},
				"up": {"uv": [0.35345, 11.64655, 0.85345, 11.89655], "texture": "#0"},
				"down": {"uv": [0.35345, 11.64655, 0.85345, 11.89655], "texture": "#0"}
			}
		},
		{
			"from": [3, 14, 0],
			"to": [4, 15, 1],
			"rotation": {"angle": 0, "axis": "y", "origin": [4, 9, 0]},
			"faces": {
				"north": {"uv": [0.35345, 11.64655, 0.85345, 11.89655], "texture": "#0"},
				"east": {"uv": [0.35345, 11.64655, 0.85345, 11.89655], "texture": "#0"},
				"south": {"uv": [0.35345, 11.64655, 0.85345, 11.89655], "texture": "#0"},
				"west": {"uv": [0.35345, 11.64655, 0.85345, 11.89655], "texture": "#0"},
				"up": {"uv": [0.35345, 11.64655, 0.85345, 11.89655], "texture": "#0"},
				"down": {"uv": [0.35345, 11.64655, 0.85345, 11.89655], "texture": "#0"}
			}
		},
		{
			"from": [-2, 12, 0],
			"to": [2, 13, 1],
			"rotation": {"angle": 0, "axis": "y", "origin": [4, 9, 0]},
			"faces": {
				"north": {"uv": [0.35345, 11.64655, 0.85345, 11.89655], "texture": "#0"},
				"east": {"uv": [0.35345, 11.64655, 0.85345, 11.89655], "texture": "#0"},
				"south": {"uv": [0.35345, 11.64655, 0.85345, 11.89655], "texture": "#0"},
				"west": {"uv": [0.35345, 11.64655, 0.85345, 11.89655], "texture": "#0"},
				"up": {"uv": [0.35345, 11.64655, 0.85345, 11.89655], "texture": "#0"},
				"down": {"uv": [0.35345, 11.64655, 0.85345, 11.89655], "texture": "#0"}
			}
		},
		{
			"from": [-2, 11, 0],
			"to": [-1, 12, 1],
			"rotation": {"angle": 0, "axis": "y", "origin": [4, 9, 0]},
			"faces": {
				"north": {"uv": [0.35345, 11.64655, 0.85345, 11.89655], "texture": "#0"},
				"east": {"uv": [0.35345, 11.64655, 0.85345, 11.89655], "texture": "#0"},
				"south": {"uv": [0.35345, 11.64655, 0.85345, 11.89655], "texture": "#0"},
				"west": {"uv": [0.35345, 11.64655, 0.85345, 11.89655], "texture": "#0"},
				"up": {"uv": [0.35345, 11.64655, 0.85345, 11.89655], "texture": "#0"},
				"down": {"uv": [0.35345, 11.64655, 0.85345, 11.89655], "texture": "#0"}
			}
		},
		{
			"from": [-3, 7, 0],
			"to": [-1, 11, 1],
			"rotation": {"angle": 0, "axis": "y", "origin": [4, 9, 0]},
			"faces": {
				"north": {"uv": [0.35345, 11.64655, 0.85345, 11.89655], "texture": "#0"},
				"east": {"uv": [0.35345, 11.64655, 0.85345, 11.89655], "texture": "#0"},
				"south": {"uv": [0.35345, 11.64655, 0.85345, 11.89655], "texture": "#0"},
				"west": {"uv": [0.35345, 11.64655, 0.85345, 11.89655], "texture": "#0"},
				"up": {"uv": [0.35345, 11.64655, 0.85345, 11.89655], "texture": "#0"},
				"down": {"uv": [0.35345, 11.64655, 0.85345, 11.89655], "texture": "#0"}
			}
		},
		{
			"from": [-4, 7, 0],
			"to": [-3, 9, 1],
			"rotation": {"angle": 0, "axis": "y", "origin": [4, 9, 0]},
			"faces": {
				"north": {"uv": [0.35345, 11.64655, 0.85345, 11.89655], "texture": "#0"},
				"east": {"uv": [0.35345, 11.64655, 0.85345, 11.89655], "texture": "#0"},
				"south": {"uv": [0.35345, 11.64655, 0.85345, 11.89655], "texture": "#0"},
				"west": {"uv": [0.35345, 11.64655, 0.85345, 11.89655], "texture": "#0"},
				"up": {"uv": [0.35345, 11.64655, 0.85345, 11.89655], "texture": "#0"},
				"down": {"uv": [0.35345, 11.64655, 0.85345, 11.89655], "texture": "#0"}
			}
		},
		{
			"from": [-1, 7, 0],
			"to": [0, 9, 1],
			"rotation": {"angle": 0, "axis": "y", "origin": [4, 9, 0]},
			"faces": {
				"north": {"uv": [0.35345, 11.64655, 0.85345, 11.89655], "texture": "#0"},
				"east": {"uv": [0.35345, 11.64655, 0.85345, 11.89655], "texture": "#0"},
				"south": {"uv": [0.35345, 11.64655, 0.85345, 11.89655], "texture": "#0"},
				"west": {"uv": [0.35345, 11.64655, 0.85345, 11.89655], "texture": "#0"},
				"up": {"uv": [0.35345, 11.64655, 0.85345, 11.89655], "texture": "#0"},
				"down": {"uv": [0.35345, 11.64655, 0.85345, 11.89655], "texture": "#0"}
			}
		},
		{
			"from": [0, 7, 0],
			"to": [1, 8, 1],
			"rotation": {"angle": 0, "axis": "y", "origin": [4, 9, 0]},
			"faces": {
				"north": {"uv": [0.35345, 11.64655, 0.85345, 11.89655], "texture": "#0"},
				"east": {"uv": [0.35345, 11.64655, 0.85345, 11.89655], "texture": "#0"},
				"south": {"uv": [0.35345, 11.64655, 0.85345, 11.89655], "texture": "#0"},
				"west": {"uv": [0.35345, 11.64655, 0.85345, 11.89655], "texture": "#0"},
				"up": {"uv": [0.35345, 11.64655, 0.85345, 11.89655], "texture": "#0"},
				"down": {"uv": [0.35345, 11.64655, 0.85345, 11.89655], "texture": "#0"}
			}
		},
		{
			"from": [1, 6, 0],
			"to": [2, 7, 1],
			"rotation": {"angle": 0, "axis": "y", "origin": [4, 9, 0]},
			"faces": {
				"north": {"uv": [0.35345, 11.64655, 0.85345, 11.89655], "texture": "#0"},
				"east": {"uv": [0.35345, 11.64655, 0.85345, 11.89655], "texture": "#0"},
				"south": {"uv": [0.35345, 11.64655, 0.85345, 11.89655], "texture": "#0"},
				"west": {"uv": [0.35345, 11.64655, 0.85345, 11.89655], "texture": "#0"},
				"up": {"uv": [0.35345, 11.64655, 0.85345, 11.89655], "texture": "#0"},
				"down": {"uv": [0.35345, 11.64655, 0.85345, 11.89655], "texture": "#0"}
			}
		},
		{
			"from": [2, 2, 0],
			"to": [3, 6, 1],
			"rotation": {"angle": 0, "axis": "y", "origin": [4, 9, 0]},
			"faces": {
				"north": {"uv": [0.35345, 11.64655, 0.85345, 11.89655], "texture": "#0"},
				"east": {"uv": [0.35345, 11.64655, 0.85345, 11.89655], "texture": "#0"},
				"south": {"uv": [0.35345, 11.64655, 0.85345, 11.89655], "texture": "#0"},
				"west": {"uv": [0.35345, 11.64655, 0.85345, 11.89655], "texture": "#0"},
				"up": {"uv": [0.35345, 11.64655, 0.85345, 11.89655], "texture": "#0"},
				"down": {"uv": [0.35345, 11.64655, 0.85345, 11.89655], "texture": "#0"}
			}
		},
		{
			"from": [9, 15, 0],
			"to": [10, 16, 1],
			"rotation": {"angle": 0, "axis": "y", "origin": [4, 9, 0]},
			"faces": {
				"north": {"uv": [0.35345, 11.64655, 0.85345, 11.89655], "texture": "#0"},
				"east": {"uv": [0.35345, 11.64655, 0.85345, 11.89655], "texture": "#0"},
				"south": {"uv": [0.35345, 11.64655, 0.85345, 11.89655], "texture": "#0"},
				"west": {"uv": [0.35345, 11.64655, 0.85345, 11.89655], "texture": "#0"},
				"up": {"uv": [0.35345, 11.64655, 0.85345, 11.89655], "texture": "#0"},
				"down": {"uv": [0.35345, 11.64655, 0.85345, 11.89655], "texture": "#0"}
			}
		},
		{
			"from": [10, 16, 0],
			"to": [11, 17, 1],
			"rotation": {"angle": 0, "axis": "y", "origin": [4, 9, 0]},
			"faces": {
				"north": {"uv": [0.35345, 11.64655, 0.85345, 11.89655], "texture": "#0"},
				"east": {"uv": [0.35345, 11.64655, 0.85345, 11.89655], "texture": "#0"},
				"south": {"uv": [0.35345, 11.64655, 0.85345, 11.89655], "texture": "#0"},
				"west": {"uv": [0.35345, 11.64655, 0.85345, 11.89655], "texture": "#0"},
				"up": {"uv": [0.35345, 11.64655, 0.85345, 11.89655], "texture": "#0"},
				"down": {"uv": [0.35345, 11.64655, 0.85345, 11.89655], "texture": "#0"}
			}
		},
		{
			"from": [11, 17, 0],
			"to": [12, 18, 1],
			"rotation": {"angle": 0, "axis": "y", "origin": [4, 9, 0]},
			"faces": {
				"north": {"uv": [0.35345, 11.64655, 0.85345, 11.89655], "texture": "#0"},
				"east": {"uv": [0.35345, 11.64655, 0.85345, 11.89655], "texture": "#0"},
				"south": {"uv": [0.35345, 11.64655, 0.85345, 11.89655], "texture": "#0"},
				"west": {"uv": [0.35345, 11.64655, 0.85345, 11.89655], "texture": "#0"},
				"up": {"uv": [0.35345, 11.64655, 0.85345, 11.89655], "texture": "#0"},
				"down": {"uv": [0.35345, 11.64655, 0.85345, 11.89655], "texture": "#0"}
			}
		},
		{
			"from": [12, 18, 0],
			"to": [13, 19, 1],
			"rotation": {"angle": 0, "axis": "y", "origin": [4, 9, 0]},
			"faces": {
				"north": {"uv": [0.35345, 11.64655, 0.85345, 11.89655], "texture": "#0"},
				"east": {"uv": [0.35345, 11.64655, 0.85345, 11.89655], "texture": "#0"},
				"south": {"uv": [0.35345, 11.64655, 0.85345, 11.89655], "texture": "#0"},
				"west": {"uv": [0.35345, 11.64655, 0.85345, 11.89655], "texture": "#0"},
				"up": {"uv": [0.35345, 11.64655, 0.85345, 11.89655], "texture": "#0"},
				"down": {"uv": [0.35345, 11.64655, 0.85345, 11.89655], "texture": "#0"}
			}
		},
		{
			"from": [13, 19, 0],
			"to": [14, 20, 1],
			"rotation": {"angle": 0, "axis": "y", "origin": [4, 9, 0]},
			"faces": {
				"north": {"uv": [0.35345, 11.64655, 0.85345, 11.89655], "texture": "#0"},
				"east": {"uv": [0.35345, 11.64655, 0.85345, 11.89655], "texture": "#0"},
				"south": {"uv": [0.35345, 11.64655, 0.85345, 11.89655], "texture": "#0"},
				"west": {"uv": [0.35345, 11.64655, 0.85345, 11.89655], "texture": "#0"},
				"up": {"uv": [0.35345, 11.64655, 0.85345, 11.89655], "texture": "#0"},
				"down": {"uv": [0.35345, 11.64655, 0.85345, 11.89655], "texture": "#0"}
			}
		},
		{
			"from": [14, 20, 0],
			"to": [15, 21, 1],
			"rotation": {"angle": 0, "axis": "y", "origin": [4, 9, 0]},
			"faces": {
				"north": {"uv": [0.35345, 11.64655, 0.85345, 11.89655], "texture": "#0"},
				"east": {"uv": [0.35345, 11.64655, 0.85345, 11.89655], "texture": "#0"},
				"south": {"uv": [0.35345, 11.64655, 0.85345, 11.89655], "texture": "#0"},
				"west": {"uv": [0.35345, 11.64655, 0.85345, 11.89655], "texture": "#0"},
				"up": {"uv": [0.35345, 11.64655, 0.85345, 11.89655], "texture": "#0"},
				"down": {"uv": [0.35345, 11.64655, 0.85345, 11.89655], "texture": "#0"}
			}
		},
		{
			"from": [15, 21, 0],
			"to": [16, 22, 1],
			"rotation": {"angle": 0, "axis": "y", "origin": [4, 9, 0]},
			"faces": {
				"north": {"uv": [0.35345, 11.64655, 0.85345, 11.89655], "texture": "#0"},
				"east": {"uv": [0.35345, 11.64655, 0.85345, 11.89655], "texture": "#0"},
				"south": {"uv": [0.35345, 11.64655, 0.85345, 11.89655], "texture": "#0"},
				"west": {"uv": [0.35345, 11.64655, 0.85345, 11.89655], "texture": "#0"},
				"up": {"uv": [0.35345, 11.64655, 0.85345, 11.89655], "texture": "#0"},
				"down": {"uv": [0.35345, 11.64655, 0.85345, 11.89655], "texture": "#0"}
			}
		},
		{
			"from": [16, 22, 0],
			"to": [17, 23, 1],
			"rotation": {"angle": 0, "axis": "y", "origin": [4, 9, 0]},
			"faces": {
				"north": {"uv": [0.35345, 11.64655, 0.85345, 11.89655], "texture": "#0"},
				"east": {"uv": [0.35345, 11.64655, 0.85345, 11.89655], "texture": "#0"},
				"south": {"uv": [0.35345, 11.64655, 0.85345, 11.89655], "texture": "#0"},
				"west": {"uv": [0.35345, 11.64655, 0.85345, 11.89655], "texture": "#0"},
				"up": {"uv": [0.35345, 11.64655, 0.85345, 11.89655], "texture": "#0"},
				"down": {"uv": [0.35345, 11.64655, 0.85345, 11.89655], "texture": "#0"}
			}
		},
		{
			"from": [17, 23, 0],
			"to": [18, 24, 1],
			"rotation": {"angle": 0, "axis": "y", "origin": [4, 9, 0]},
			"faces": {
				"north": {"uv": [0.35345, 11.64655, 0.85345, 11.89655], "texture": "#0"},
				"east": {"uv": [0.35345, 11.64655, 0.85345, 11.89655], "texture": "#0"},
				"south": {"uv": [0.35345, 11.64655, 0.85345, 11.89655], "texture": "#0"},
				"west": {"uv": [0.35345, 11.64655, 0.85345, 11.89655], "texture": "#0"},
				"up": {"uv": [0.35345, 11.64655, 0.85345, 11.89655], "texture": "#0"},
				"down": {"uv": [0.35345, 11.64655, 0.85345, 11.89655], "texture": "#0"}
			}
		},
		{
			"from": [18, 24, 0],
			"to": [19, 25, 1],
			"rotation": {"angle": 0, "axis": "y", "origin": [4, 9, 0]},
			"faces": {
				"north": {"uv": [0.35345, 11.64655, 0.85345, 11.89655], "texture": "#0"},
				"east": {"uv": [0.35345, 11.64655, 0.85345, 11.89655], "texture": "#0"},
				"south": {"uv": [0.35345, 11.64655, 0.85345, 11.89655], "texture": "#0"},
				"west": {"uv": [0.35345, 11.64655, 0.85345, 11.89655], "texture": "#0"},
				"up": {"uv": [0.35345, 11.64655, 0.85345, 11.89655], "texture": "#0"},
				"down": {"uv": [0.35345, 11.64655, 0.85345, 11.89655], "texture": "#0"}
			}
		},
		{
			"from": [18, 27, 0],
			"to": [19, 28, 1],
			"rotation": {"angle": 0, "axis": "y", "origin": [4, 9, 0]},
			"faces": {
				"north": {"uv": [0.35345, 11.64655, 0.85345, 11.89655], "texture": "#0"},
				"east": {"uv": [0.35345, 11.64655, 0.85345, 11.89655], "texture": "#0"},
				"south": {"uv": [0.35345, 11.64655, 0.85345, 11.89655], "texture": "#0"},
				"west": {"uv": [0.35345, 11.64655, 0.85345, 11.89655], "texture": "#0"},
				"up": {"uv": [0.35345, 11.64655, 0.85345, 11.89655], "texture": "#0"},
				"down": {"uv": [0.35345, 11.64655, 0.85345, 11.89655], "texture": "#0"}
			}
		},
		{
			"from": [19, 28, 0],
			"to": [20, 29, 1],
			"rotation": {"angle": 0, "axis": "y", "origin": [4, 9, 0]},
			"faces": {
				"north": {"uv": [0.35345, 11.64655, 0.85345, 11.89655], "texture": "#0"},
				"east": {"uv": [0.35345, 11.64655, 0.85345, 11.89655], "texture": "#0"},
				"south": {"uv": [0.35345, 11.64655, 0.85345, 11.89655], "texture": "#0"},
				"west": {"uv": [0.35345, 11.64655, 0.85345, 11.89655], "texture": "#0"},
				"up": {"uv": [0.35345, 11.64655, 0.85345, 11.89655], "texture": "#0"},
				"down": {"uv": [0.35345, 11.64655, 0.85345, 11.89655], "texture": "#0"}
			}
		},
		{
			"from": [20, 29, 0],
			"to": [21, 30, 1],
			"rotation": {"angle": 0, "axis": "y", "origin": [4, 9, 0]},
			"faces": {
				"north": {"uv": [0.35345, 11.64655, 0.85345, 11.89655], "texture": "#0"},
				"east": {"uv": [0.35345, 11.64655, 0.85345, 11.89655], "texture": "#0"},
				"south": {"uv": [0.35345, 11.64655, 0.85345, 11.89655], "texture": "#0"},
				"west": {"uv": [0.35345, 11.64655, 0.85345, 11.89655], "texture": "#0"},
				"up": {"uv": [0.35345, 11.64655, 0.85345, 11.89655], "texture": "#0"},
				"down": {"uv": [0.35345, 11.64655, 0.85345, 11.89655], "texture": "#0"}
			}
		},
		{
			"from": [21, 28, 0],
			"to": [23, 29, 1],
			"rotation": {"angle": 0, "axis": "y", "origin": [4, 9, 0]},
			"faces": {
				"north": {"uv": [0.35345, 11.64655, 0.85345, 11.89655], "texture": "#0"},
				"east": {"uv": [0.35345, 11.64655, 0.85345, 11.89655], "texture": "#0"},
				"south": {"uv": [0.35345, 11.64655, 0.85345, 11.89655], "texture": "#0"},
				"west": {"uv": [0.35345, 11.64655, 0.85345, 11.89655], "texture": "#0"},
				"up": {"uv": [0.35345, 11.64655, 0.85345, 11.89655], "texture": "#0"},
				"down": {"uv": [0.35345, 11.64655, 0.85345, 11.89655], "texture": "#0"}
			}
		},
		{
			"from": [19, 25, 0],
			"to": [20, 27, 1],
			"rotation": {"angle": 0, "axis": "y", "origin": [4, 9, 0]},
			"faces": {
				"north": {"uv": [0.35345, 11.64655, 0.85345, 11.89655], "texture": "#0"},
				"east": {"uv": [0.35345, 11.64655, 0.85345, 11.89655], "texture": "#0"},
				"south": {"uv": [0.35345, 11.64655, 0.85345, 11.89655], "texture": "#0"},
				"west": {"uv": [0.35345, 11.64655, 0.85345, 11.89655], "texture": "#0"},
				"up": {"uv": [0.35345, 11.64655, 0.85345, 11.89655], "texture": "#0"},
				"down": {"uv": [0.35345, 11.64655, 0.85345, 11.89655], "texture": "#0"}
			}
		},
		{
			"from": [18, 22, 0],
			"to": [19, 23, 1],
			"rotation": {"angle": 0, "axis": "y", "origin": [4, 9, 0]},
			"faces": {
				"north": {"uv": [0.35345, 11.64655, 0.85345, 11.89655], "texture": "#0"},
				"east": {"uv": [0.35345, 11.64655, 0.85345, 11.89655], "texture": "#0"},
				"south": {"uv": [0.35345, 11.64655, 0.85345, 11.89655], "texture": "#0"},
				"west": {"uv": [0.35345, 11.64655, 0.85345, 11.89655], "texture": "#0"},
				"up": {"uv": [0.35345, 11.64655, 0.85345, 11.89655], "texture": "#0"},
				"down": {"uv": [0.35345, 11.64655, 0.85345, 11.89655], "texture": "#0"}
			}
		},
		{
			"from": [17, 21, 0],
			"to": [18, 22, 1],
			"rotation": {"angle": 0, "axis": "y", "origin": [4, 9, 0]},
			"faces": {
				"north": {"uv": [0.35345, 11.64655, 0.85345, 11.89655], "texture": "#0"},
				"east": {"uv": [0.35345, 11.64655, 0.85345, 11.89655], "texture": "#0"},
				"south": {"uv": [0.35345, 11.64655, 0.85345, 11.89655], "texture": "#0"},
				"west": {"uv": [0.35345, 11.64655, 0.85345, 11.89655], "texture": "#0"},
				"up": {"uv": [0.35345, 11.64655, 0.85345, 11.89655], "texture": "#0"},
				"down": {"uv": [0.35345, 11.64655, 0.85345, 11.89655], "texture": "#0"}
			}
		},
		{
			"from": [16, 20, 0],
			"to": [17, 21, 1],
			"rotation": {"angle": 0, "axis": "y", "origin": [4, 9, 0]},
			"faces": {
				"north": {"uv": [0.35345, 11.64655, 0.85345, 11.89655], "texture": "#0"},
				"east": {"uv": [0.35345, 11.64655, 0.85345, 11.89655], "texture": "#0"},
				"south": {"uv": [0.35345, 11.64655, 0.85345, 11.89655], "texture": "#0"},
				"west": {"uv": [0.35345, 11.64655, 0.85345, 11.89655], "texture": "#0"},
				"up": {"uv": [0.35345, 11.64655, 0.85345, 11.89655], "texture": "#0"},
				"down": {"uv": [0.35345, 11.64655, 0.85345, 11.89655], "texture": "#0"}
			}
		},
		{
			"from": [15, 19, 0],
			"to": [16, 20, 1],
			"rotation": {"angle": 0, "axis": "y", "origin": [4, 9, 0]},
			"faces": {
				"north": {"uv": [0.35345, 11.64655, 0.85345, 11.89655], "texture": "#0"},
				"east": {"uv": [0.35345, 11.64655, 0.85345, 11.89655], "texture": "#0"},
				"south": {"uv": [0.35345, 11.64655, 0.85345, 11.89655], "texture": "#0"},
				"west": {"uv": [0.35345, 11.64655, 0.85345, 11.89655], "texture": "#0"},
				"up": {"uv": [0.35345, 11.64655, 0.85345, 11.89655], "texture": "#0"},
				"down": {"uv": [0.35345, 11.64655, 0.85345, 11.89655], "texture": "#0"}
			}
		},
		{
			"from": [14, 18, 0],
			"to": [15, 19, 1],
			"rotation": {"angle": 0, "axis": "y", "origin": [4, 9, 0]},
			"faces": {
				"north": {"uv": [0.35345, 11.64655, 0.85345, 11.89655], "texture": "#0"},
				"east": {"uv": [0.35345, 11.64655, 0.85345, 11.89655], "texture": "#0"},
				"south": {"uv": [0.35345, 11.64655, 0.85345, 11.89655], "texture": "#0"},
				"west": {"uv": [0.35345, 11.64655, 0.85345, 11.89655], "texture": "#0"},
				"up": {"uv": [0.35345, 11.64655, 0.85345, 11.89655], "texture": "#0"},
				"down": {"uv": [0.35345, 11.64655, 0.85345, 11.89655], "texture": "#0"}
			}
		},
		{
			"from": [13, 17, 0],
			"to": [14, 18, 1],
			"rotation": {"angle": 0, "axis": "y", "origin": [4, 9, 0]},
			"faces": {
				"north": {"uv": [0.35345, 11.64655, 0.85345, 11.89655], "texture": "#0"},
				"east": {"uv": [0.35345, 11.64655, 0.85345, 11.89655], "texture": "#0"},
				"south": {"uv": [0.35345, 11.64655, 0.85345, 11.89655], "texture": "#0"},
				"west": {"uv": [0.35345, 11.64655, 0.85345, 11.89655], "texture": "#0"},
				"up": {"uv": [0.35345, 11.64655, 0.85345, 11.89655], "texture": "#0"},
				"down": {"uv": [0.35345, 11.64655, 0.85345, 11.89655], "texture": "#0"}
			}
		},
		{
			"from": [12, 16, 0],
			"to": [13, 17, 1],
			"rotation": {"angle": 0, "axis": "y", "origin": [4, 9, 0]},
			"faces": {
				"north": {"uv": [0.35345, 11.64655, 0.85345, 11.89655], "texture": "#0"},
				"east": {"uv": [0.35345, 11.64655, 0.85345, 11.89655], "texture": "#0"},
				"south": {"uv": [0.35345, 11.64655, 0.85345, 11.89655], "texture": "#0"},
				"west": {"uv": [0.35345, 11.64655, 0.85345, 11.89655], "texture": "#0"},
				"up": {"uv": [0.35345, 11.64655, 0.85345, 11.89655], "texture": "#0"},
				"down": {"uv": [0.35345, 11.64655, 0.85345, 11.89655], "texture": "#0"}
			}
		},
		{
			"from": [11, 15, 0],
			"to": [12, 16, 1],
			"rotation": {"angle": 0, "axis": "y", "origin": [4, 9, 0]},
			"faces": {
				"north": {"uv": [0.35345, 11.64655, 0.85345, 11.89655], "texture": "#0"},
				"east": {"uv": [0.35345, 11.64655, 0.85345, 11.89655], "texture": "#0"},
				"south": {"uv": [0.35345, 11.64655, 0.85345, 11.89655], "texture": "#0"},
				"west": {"uv": [0.35345, 11.64655, 0.85345, 11.89655], "texture": "#0"},
				"up": {"uv": [0.35345, 11.64655, 0.85345, 11.89655], "texture": "#0"},
				"down": {"uv": [0.35345, 11.64655, 0.85345, 11.89655], "texture": "#0"}
			}
		},
		{
			"from": [10, 14, 0],
			"to": [11, 15, 1],
			"rotation": {"angle": 0, "axis": "y", "origin": [4, 9, 0]},
			"faces": {
				"north": {"uv": [0.35345, 11.64655, 0.85345, 11.89655], "texture": "#0"},
				"east": {"uv": [0.35345, 11.64655, 0.85345, 11.89655], "texture": "#0"},
				"south": {"uv": [0.35345, 11.64655, 0.85345, 11.89655], "texture": "#0"},
				"west": {"uv": [0.35345, 11.64655, 0.85345, 11.89655], "texture": "#0"},
				"up": {"uv": [0.35345, 11.64655, 0.85345, 11.89655], "texture": "#0"},
				"down": {"uv": [0.35345, 11.64655, 0.85345, 11.89655], "texture": "#0"}
			}
		},
		{
			"from": [-1, 9, 0],
			"to": [10, 12, 1],
			"rotation": {"angle": 0, "axis": "y", "origin": [4, 9, 0]},
			"faces": {
				"north": {"uv": [7.72414, 9.93103, 1.65517, 11.58621], "texture": "#0"},
				"east": {"uv": [0, 0, 1, 3], "texture": "#missing"},
				"south": {"uv": [1.65517, 9.93103, 7.72414, 11.58621], "texture": "#0"},
				"west": {"uv": [0, 0, 1, 3], "texture": "#missing"},
				"up": {"uv": [0, 0, 11, 1], "texture": "#missing"},
				"down": {"uv": [0, 0, 11, 1], "texture": "#missing"}
			}
		},
		{
			"from": [3, 12, 0],
			"to": [9, 14, 1],
			"rotation": {"angle": 0, "axis": "y", "origin": [4, 9, 0]},
			"faces": {
				"north": {"uv": [7.17241, 8.82759, 3.86207, 9.93103], "texture": "#0"},
				"east": {"uv": [0, 0, 1, 2], "texture": "#missing"},
				"south": {"uv": [3.86207, 8.82759, 7.17241, 9.93103], "texture": "#0"},
				"west": {"uv": [0, 0, 1, 2], "texture": "#missing"},
				"up": {"uv": [0, 0, 6, 1], "texture": "#missing"},
				"down": {"uv": [0, 0, 6, 1], "texture": "#missing"}
			}
		},
		{
			"from": [1, 7, 0],
			"to": [8, 9, 1],
			"rotation": {"angle": 0, "axis": "y", "origin": [4, 9, 0]},
			"faces": {
				"north": {"uv": [6.62069, 11.58621, 2.75862, 12.68966], "texture": "#0"},
				"east": {"uv": [0, 0, 1, 2], "texture": "#missing"},
				"south": {"uv": [2.75862, 11.58621, 6.62069, 12.68966], "texture": "#0"},
				"west": {"uv": [0, 0, 1, 2], "texture": "#missing"},
				"up": {"uv": [0, 0, 7, 1], "texture": "#missing"},
				"down": {"uv": [0, 0, 7, 1], "texture": "#missing"}
			}
		},
		{
			"from": [3, 5, 0],
			"to": [7, 7, 1],
			"rotation": {"angle": 0, "axis": "y", "origin": [4, 9, 0]},
			"faces": {
				"north": {"uv": [6.06897, 12.68966, 3.86207, 13.7931], "texture": "#0"},
				"east": {"uv": [0, 0, 1, 2], "texture": "#missing"},
				"south": {"uv": [3.86207, 12.68966, 6.06897, 13.7931], "texture": "#0"},
				"west": {"uv": [0, 0, 1, 2], "texture": "#missing"},
				"up": {"uv": [0, 0, 4, 1], "texture": "#missing"},
				"down": {"uv": [0, 0, 4, 1], "texture": "#missing"}
			}
		},
		{
			"from": [3, 4, 0],
			"to": [7, 5, 1],
			"rotation": {"angle": 0, "axis": "y", "origin": [4, 9, 0]},
			"faces": {
				"north": {"uv": [6.06897, 13.7931, 3.86207, 14.34483], "texture": "#0"},
				"east": {"uv": [0, 0, 1, 1], "texture": "#missing"},
				"south": {"uv": [3.86207, 13.7931, 6.06897, 14.34483], "texture": "#0"},
				"west": {"uv": [0, 0, 1, 1], "texture": "#missing"},
				"up": {"uv": [0, 0, 4, 1], "texture": "#missing"},
				"down": {"uv": [0, 0, 4, 1], "texture": "#missing"}
			}
		},
		{
			"from": [3, 3, 0],
			"to": [6, 4, 1],
			"rotation": {"angle": 0, "axis": "y", "origin": [4, 9, 0]},
			"faces": {
				"north": {"uv": [5.51724, 14.34483, 3.86207, 14.89655], "texture": "#0"},
				"east": {"uv": [0, 0, 1, 1], "texture": "#missing"},
				"south": {"uv": [3.86207, 14.34483, 5.51724, 14.89655], "texture": "#0"},
				"west": {"uv": [0, 0, 1, 1], "texture": "#missing"},
				"up": {"uv": [0, 0, 3, 1], "texture": "#missing"},
				"down": {"uv": [0, 0, 3, 1], "texture": "#missing"}
			}
		},
		{
			"from": [2, 6, 0],
			"to": [3, 7, 1],
			"rotation": {"angle": 0, "axis": "y", "origin": [4, 9, 0]},
			"faces": {
				"north": {"uv": [3.31034, 12.68966, 3.75862, 13.13793], "texture": "#0"},
				"east": {"uv": [3.31034, 12.68966, 3.75862, 13.13793], "texture": "#0"},
				"south": {"uv": [3.31034, 12.68966, 3.75862, 13.13793], "texture": "#0"},
				"west": {"uv": [3.31034, 12.68966, 3.75862, 13.13793], "texture": "#0"},
				"up": {"uv": [3.31034, 12.68966, 3.75862, 13.13793], "texture": "#0"},
				"down": {"uv": [3.31034, 12.68966, 3.75862, 13.13793], "texture": "#0"}
			}
		},
		{
			"from": [3, 2, 0],
			"to": [4, 3, 1],
			"rotation": {"angle": 0, "axis": "y", "origin": [4, 9, 0]},
			"faces": {
				"north": {"uv": [3.86207, 14.89655, 4.31034, 15.34483], "texture": "#0"},
				"east": {"uv": [3.86207, 14.89655, 4.31034, 15.34483], "texture": "#0"},
				"south": {"uv": [3.86207, 14.89655, 4.31034, 15.34483], "texture": "#0"},
				"west": {"uv": [3.86207, 14.89655, 4.31034, 15.34483], "texture": "#0"},
				"up": {"uv": [3.86207, 14.89655, 4.31034, 15.34483], "texture": "#0"},
				"down": {"uv": [3.86207, 14.89655, 4.31034, 15.34483], "texture": "#0"}
			}
		},
		{
			"from": [0, 8, 0],
			"to": [1, 9, 1],
			"rotation": {"angle": 0, "axis": "y", "origin": [4, 9, 0]},
			"faces": {
				"north": {"uv": [2.2069, 11.58621, 2.65517, 12.03448], "texture": "#0"},
				"east": {"uv": [2.2069, 11.58621, 2.65517, 12.03448], "texture": "#0"},
				"south": {"uv": [2.2069, 11.58621, 2.65517, 12.03448], "texture": "#0"},
				"west": {"uv": [2.2069, 11.58621, 2.65517, 12.03448], "texture": "#0"},
				"up": {"uv": [2.2069, 11.58621, 2.65517, 12.03448], "texture": "#0"},
				"down": {"uv": [2.2069, 11.58621, 2.65517, 12.03448], "texture": "#0"}
			}
		},
		{
			"from": [8, 8, 0],
			"to": [9, 9, 1],
			"rotation": {"angle": 0, "axis": "y", "origin": [4, 9, 0]},
			"faces": {
				"north": {"uv": [6.62069, 11.58621, 7.06897, 12.03448], "texture": "#0"},
				"east": {"uv": [6.62069, 11.58621, 7.06897, 12.03448], "texture": "#0"},
				"south": {"uv": [6.62069, 11.58621, 7.06897, 12.03448], "texture": "#0"},
				"west": {"uv": [6.62069, 11.58621, 7.06897, 12.03448], "texture": "#0"},
				"up": {"uv": [6.62069, 11.58621, 7.06897, 12.03448], "texture": "#0"},
				"down": {"uv": [6.62069, 11.58621, 7.06897, 12.03448], "texture": "#0"}
			}
		},
		{
			"from": [2, 12, 0],
			"to": [3, 13, 1],
			"rotation": {"angle": 0, "axis": "y", "origin": [4, 9, 0]},
			"faces": {
				"north": {"uv": [3.31034, 9.37931, 3.75862, 9.82759], "texture": "#0"},
				"east": {"uv": [3.31034, 9.37931, 3.75862, 9.82759], "texture": "#0"},
				"south": {"uv": [3.31034, 9.37931, 3.75862, 9.82759], "texture": "#0"},
				"west": {"uv": [3.31034, 9.37931, 3.75862, 9.82759], "texture": "#0"},
				"up": {"uv": [3.31034, 9.37931, 3.75862, 9.82759], "texture": "#0"},
				"down": {"uv": [3.31034, 9.37931, 3.75862, 9.82759], "texture": "#0"}
			}
		},
		{
			"from": [9, 14, 0],
			"to": [10, 15, 1],
			"rotation": {"angle": 0, "axis": "y", "origin": [4, 9, 0]},
			"faces": {
				"north": {"uv": [7.17241, 8.27586, 7.72414, 8.72414], "texture": "#0"},
				"east": {"uv": [7.17241, 8.27586, 7.72414, 8.72414], "texture": "#0"},
				"south": {"uv": [7.17241, 8.27586, 7.72414, 8.72414], "texture": "#0"},
				"west": {"uv": [7.17241, 8.27586, 7.72414, 8.72414], "texture": "#0"},
				"up": {"uv": [7.17241, 8.27586, 7.72414, 8.72414], "texture": "#0"},
				"down": {"uv": [7.17241, 8.27586, 7.72414, 8.72414], "texture": "#0"}
			}
		},
		{
			"from": [10, 15, 0],
			"to": [11, 16, 1],
			"rotation": {"angle": 0, "axis": "y", "origin": [4, 9, 0]},
			"faces": {
				"north": {"uv": [7.72414, 7.72414, 8.17241, 8.17241], "texture": "#0"},
				"east": {"uv": [7.72414, 7.72414, 8.17241, 8.17241], "texture": "#0"},
				"south": {"uv": [7.72414, 7.72414, 8.17241, 8.17241], "texture": "#0"},
				"west": {"uv": [7.72414, 7.72414, 8.17241, 8.17241], "texture": "#0"},
				"up": {"uv": [7.72414, 7.72414, 8.17241, 8.17241], "texture": "#0"},
				"down": {"uv": [7.72414, 7.72414, 8.17241, 8.17241], "texture": "#0"}
			}
		},
		{
			"from": [11, 16, 0],
			"to": [12, 17, 1],
			"rotation": {"angle": 0, "axis": "y", "origin": [4, 9, 0]},
			"faces": {
				"north": {"uv": [8.27586, 7.17241, 8.72414, 7.62069], "texture": "#0"},
				"east": {"uv": [8.27586, 7.17241, 8.72414, 7.62069], "texture": "#0"},
				"south": {"uv": [8.27586, 7.17241, 8.72414, 7.62069], "texture": "#0"},
				"west": {"uv": [8.27586, 7.17241, 8.72414, 7.62069], "texture": "#0"},
				"up": {"uv": [8.27586, 7.17241, 8.72414, 7.62069], "texture": "#0"},
				"down": {"uv": [8.27586, 7.17241, 8.72414, 7.62069], "texture": "#0"}
			}
		},
		{
			"from": [12, 17, 0],
			"to": [13, 18, 1],
			"rotation": {"angle": 0, "axis": "y", "origin": [4, 9, 0]},
			"faces": {
				"north": {"uv": [8.82759, 6.62069, 9.27586, 7.06897], "texture": "#0"},
				"east": {"uv": [8.82759, 6.62069, 9.27586, 7.06897], "texture": "#0"},
				"south": {"uv": [8.82759, 6.62069, 9.27586, 7.06897], "texture": "#0"},
				"west": {"uv": [8.82759, 6.62069, 9.27586, 7.06897], "texture": "#0"},
				"up": {"uv": [8.82759, 6.62069, 9.27586, 7.06897], "texture": "#0"},
				"down": {"uv": [8.82759, 6.62069, 9.27586, 7.06897], "texture": "#0"}
			}
		},
		{
			"from": [13, 18, 0],
			"to": [14, 19, 1],
			"rotation": {"angle": 0, "axis": "y", "origin": [4, 9, 0]},
			"faces": {
				"north": {"uv": [9.37931, 6.06897, 9.82759, 6.51724], "texture": "#0"},
				"east": {"uv": [9.37931, 6.06897, 9.82759, 6.51724], "texture": "#0"},
				"south": {"uv": [9.37931, 6.06897, 9.82759, 6.51724], "texture": "#0"},
				"west": {"uv": [9.37931, 6.06897, 9.82759, 6.51724], "texture": "#0"},
				"up": {"uv": [9.37931, 6.06897, 9.82759, 6.51724], "texture": "#0"},
				"down": {"uv": [9.37931, 6.06897, 9.82759, 6.51724], "texture": "#0"}
			}
		},
		{
			"from": [14, 19, 0],
			"to": [15, 20, 1],
			"rotation": {"angle": 0, "axis": "y", "origin": [4, 9, 0]},
			"faces": {
				"north": {"uv": [9.93103, 5.51724, 10.37931, 5.96552], "texture": "#0"},
				"east": {"uv": [9.93103, 5.51724, 10.37931, 5.96552], "texture": "#0"},
				"south": {"uv": [9.93103, 5.51724, 10.37931, 5.96552], "texture": "#0"},
				"west": {"uv": [9.93103, 5.51724, 10.37931, 5.96552], "texture": "#0"},
				"up": {"uv": [9.93103, 5.51724, 10.37931, 5.96552], "texture": "#0"},
				"down": {"uv": [9.93103, 5.51724, 10.37931, 5.96552], "texture": "#0"}
			}
		},
		{
			"from": [15, 20, 0],
			"to": [16, 21, 1],
			"rotation": {"angle": 0, "axis": "y", "origin": [4, 9, 0]},
			"faces": {
				"north": {"uv": [10.48276, 4.96552, 10.93103, 5.41379], "texture": "#0"},
				"east": {"uv": [10.48276, 4.96552, 10.93103, 5.41379], "texture": "#0"},
				"south": {"uv": [10.48276, 4.96552, 10.93103, 5.41379], "texture": "#0"},
				"west": {"uv": [10.48276, 4.96552, 10.93103, 5.41379], "texture": "#0"},
				"up": {"uv": [10.48276, 4.96552, 10.93103, 5.41379], "texture": "#0"},
				"down": {"uv": [10.48276, 4.96552, 10.93103, 5.41379], "texture": "#0"}
			}
		},
		{
			"from": [16, 21, 0],
			"to": [17, 22, 1],
			"rotation": {"angle": 0, "axis": "y", "origin": [4, 9, 0]},
			"faces": {
				"north": {"uv": [11.03448, 4.41379, 11.48276, 4.86207], "texture": "#0"},
				"east": {"uv": [11.03448, 4.41379, 11.48276, 4.86207], "texture": "#0"},
				"south": {"uv": [11.03448, 4.41379, 11.48276, 4.86207], "texture": "#0"},
				"west": {"uv": [11.03448, 4.41379, 11.48276, 4.86207], "texture": "#0"},
				"up": {"uv": [11.03448, 4.41379, 11.48276, 4.86207], "texture": "#0"},
				"down": {"uv": [11.03448, 4.41379, 11.48276, 4.86207], "texture": "#0"}
			}
		},
		{
			"from": [17, 22, 0],
			"to": [18, 23, 1],
			"rotation": {"angle": 0, "axis": "y", "origin": [4, 9, 0]},
			"faces": {
				"north": {"uv": [11.58621, 3.86207, 12.03448, 4.31034], "texture": "#0"},
				"east": {"uv": [11.58621, 3.86207, 12.03448, 4.31034], "texture": "#0"},
				"south": {"uv": [11.58621, 3.86207, 12.03448, 4.31034], "texture": "#0"},
				"west": {"uv": [11.58621, 3.86207, 12.03448, 4.31034], "texture": "#0"},
				"up": {"uv": [11.58621, 3.86207, 12.03448, 4.31034], "texture": "#0"},
				"down": {"uv": [11.58621, 3.86207, 12.03448, 4.31034], "texture": "#0"}
			}
		},
		{
			"from": [18, 23, 0],
			"to": [19, 24, 1],
			"rotation": {"angle": 0, "axis": "y", "origin": [4, 9, 0]},
			"faces": {
				"north": {"uv": [12.13793, 3.31034, 12.58621, 3.75862], "texture": "#0"},
				"east": {"uv": [12.13793, 3.31034, 12.58621, 3.75862], "texture": "#0"},
				"south": {"uv": [12.13793, 3.31034, 12.58621, 3.75862], "texture": "#0"},
				"west": {"uv": [12.13793, 3.31034, 12.58621, 3.75862], "texture": "#0"},
				"up": {"uv": [12.13793, 3.31034, 12.58621, 3.75862], "texture": "#0"},
				"down": {"uv": [12.13793, 3.31034, 12.58621, 3.75862], "texture": "#0"}
			}
		},
		{
			"from": [19, 24, 0],
			"to": [20, 25, 1],
			"rotation": {"angle": 0, "axis": "y", "origin": [4, 9, 0]},
			"faces": {
				"north": {"uv": [12.68966, 2.75862, 13.13793, 3.2069], "texture": "#0"},
				"east": {"uv": [12.68966, 2.75862, 13.13793, 3.2069], "texture": "#0"},
				"south": {"uv": [12.68966, 2.75862, 13.13793, 3.2069], "texture": "#0"},
				"west": {"uv": [12.68966, 2.75862, 13.13793, 3.2069], "texture": "#0"},
				"up": {"uv": [12.68966, 2.75862, 13.13793, 3.2069], "texture": "#0"},
				"down": {"uv": [12.68966, 2.75862, 13.13793, 3.2069], "texture": "#0"}
			}
		},
		{
			"from": [19, 27, 0],
			"to": [20, 28, 1],
			"rotation": {"angle": 0, "axis": "y", "origin": [4, 9, 0]},
			"faces": {
				"north": {"uv": [12.68966, 1.10345, 13.13793, 1.55172], "texture": "#0"},
				"east": {"uv": [12.68966, 1.10345, 13.13793, 1.55172], "texture": "#0"},
				"south": {"uv": [12.68966, 1.10345, 13.13793, 1.55172], "texture": "#0"},
				"west": {"uv": [12.68966, 1.10345, 13.13793, 1.55172], "texture": "#0"},
				"up": {"uv": [12.68966, 1.10345, 13.13793, 1.55172], "texture": "#0"},
				"down": {"uv": [12.68966, 1.10345, 13.13793, 1.55172], "texture": "#0"}
			}
		},
		{
			"from": [20, 28, 0],
			"to": [21, 29, 1],
			"rotation": {"angle": 0, "axis": "y", "origin": [4, 9, 0]},
			"faces": {
				"north": {"uv": [13.24138, 0.55172, 13.68966, 1], "texture": "#0"},
				"east": {"uv": [13.24138, 0.55172, 13.68966, 1], "texture": "#0"},
				"south": {"uv": [13.24138, 0.55172, 13.68966, 1], "texture": "#0"},
				"west": {"uv": [13.24138, 0.55172, 13.68966, 1], "texture": "#0"},
				"up": {"uv": [13.24138, 0.55172, 13.68966, 1], "texture": "#0"},
				"down": {"uv": [13.24138, 0.55172, 13.68966, 1], "texture": "#0"}
			}
		},
		{
			"from": [23, 25, 0],
			"to": [24, 26, 1],
			"rotation": {"angle": 0, "axis": "y", "origin": [4, 9, 0]},
			"faces": {
				"north": {"uv": [14.89655, 2.2069, 15.34483, 2.65517], "texture": "#0"},
				"east": {"uv": [14.89655, 2.2069, 15.34483, 2.65517], "texture": "#0"},
				"south": {"uv": [14.89655, 2.2069, 15.34483, 2.65517], "texture": "#0"},
				"west": {"uv": [14.89655, 2.2069, 15.34483, 2.65517], "texture": "#0"},
				"up": {"uv": [14.89655, 2.2069, 15.34483, 2.65517], "texture": "#0"},
				"down": {"uv": [14.89655, 2.2069, 15.34483, 2.65517], "texture": "#0"}
			}
		},
		{
			"from": [22, 24, 0],
			"to": [23, 25, 1],
			"rotation": {"angle": 0, "axis": "y", "origin": [4, 9, 0]},
			"faces": {
				"north": {"uv": [14.34483, 2.75862, 14.7931, 3.2069], "texture": "#0"},
				"east": {"uv": [14.34483, 2.75862, 14.7931, 3.2069], "texture": "#0"},
				"south": {"uv": [14.34483, 2.75862, 14.7931, 3.2069], "texture": "#0"},
				"west": {"uv": [14.34483, 2.75862, 14.7931, 3.2069], "texture": "#0"},
				"up": {"uv": [14.34483, 2.75862, 14.7931, 3.2069], "texture": "#0"},
				"down": {"uv": [14.34483, 2.75862, 14.7931, 3.2069], "texture": "#0"}
			}
		},
		{
			"from": [20, 25, 0],
			"to": [23, 28, 1],
			"rotation": {"angle": 0, "axis": "y", "origin": [4, 9, 0]},
			"faces": {
				"north": {"uv": [14.89655, 1.10345, 13.24138, 2.75862], "texture": "#0"},
				"east": {"uv": [0, 0, 1, 3], "texture": "#missing"},
				"south": {"uv": [13.24138, 1.10345, 14.89655, 2.75862], "texture": "#0"},
				"west": {"uv": [0, 0, 1, 3], "texture": "#missing"},
				"up": {"uv": [0, 0, 3, 1], "texture": "#missing"},
				"down": {"uv": [0, 0, 3, 1], "texture": "#missing"}
			}
		},
		{
			"from": [10, 10, 0],
			"to": [12, 11, 1],
			"rotation": {"angle": 0, "axis": "y", "origin": [4, 9, 0]},
			"faces": {
				"north": {"uv": [7.72414, 10.48276, 8.82759, 11.03448], "texture": "#0"},
				"east": {"uv": [7.72414, 10.48276, 8.82759, 11.03448], "texture": "#0"},
				"south": {"uv": [7.72414, 10.48276, 8.82759, 11.03448], "texture": "#0"},
				"west": {"uv": [7.72414, 10.48276, 8.82759, 11.03448], "texture": "#0"},
				"up": {"uv": [7.72414, 10.48276, 8.82759, 11.03448], "texture": "#0"},
				"down": {"uv": [7.72414, 10.48276, 8.82759, 11.03448], "texture": "#0"}
			}
		},
		{
			"from": [4, 14, 0],
			"to": [7, 15, 1],
			"rotation": {"angle": 0, "axis": "y", "origin": [4, 9, 0]},
			"faces": {
				"north": {"uv": [6.06897, 8.27586, 4.41379, 8.82759], "texture": "#0"},
				"east": {"uv": [0, 0, 1, 1], "texture": "#missing"},
				"south": {"uv": [4.41379, 8.27586, 6.06897, 8.82759], "texture": "#0"},
				"west": {"uv": [0, 0, 1, 1], "texture": "#missing"},
				"up": {"uv": [0, 0, 3, 1], "texture": "#missing"},
				"down": {"uv": [0, 0, 3, 1], "texture": "#missing"}
			}
		},
		{
			"from": [5, 15, 0],
			"to": [6, 17, 1],
			"rotation": {"angle": 0, "axis": "y", "origin": [4, 9, 0]},
			"faces": {
				"north": {"uv": [4.96552, 7.17241, 5.51724, 8.27586], "texture": "#0"},
				"east": {"uv": [4.96552, 7.17241, 5.51724, 8.27586], "texture": "#0"},
				"south": {"uv": [4.96552, 7.17241, 5.51724, 8.27586], "texture": "#0"},
				"west": {"uv": [4.96552, 7.17241, 5.51724, 8.27586], "texture": "#0"},
				"up": {"uv": [4.96552, 7.17241, 5.51724, 8.27586], "texture": "#0"},
				"down": {"uv": [4.96552, 7.17241, 5.51724, 8.27586], "texture": "#0"}
			}
		}
	],
	"display": {
		"thirdperson_righthand": {
			"rotation": [90, 90, 141],
			"translation": [7.5, 13, 8.5],
			"scale": [0.9, 0.9, 0.9]
		},
		"thirdperson_lefthand": {
			"rotation": [90, 180, 47],
			"translation": [-13, 7.25, -0.75],
			"scale": [0.9, 0.9, 0.9]
		},
		"firstperson_righthand": {
			"rotation": [90, 90, 141],
			"translation": [9, 7.5, 0.5],
			"scale": [0.65, 0.65, 0.65]
		},
		"firstperson_lefthand": {
			"rotation": [1, 0, -126],
			"translation": [-16, 1.25, 4.5]
		},
		"ground": {
			"rotation": [90, 0, 90],
			"translation": [1.5, -10.25, 3.25]
		},
		"gui": {
			"translation": [-1.75, -6.75, 0]
		},
		"head": {
			"translation": [0, 10.25, 4.5]
		},
		"fixed": {
			"rotation": [0, 0, -134],
			"translation": [-4.5, 7, 12.5],
			"scale": [1.66, 1.66, 1.66]
		}
	},
	"groups": [
		{
			"name": "group",
			"origin": [8, 8, 8],
			"color": 0,
			"children": [
				{
					"name": "обводка",
					"origin": [0, 0, 0],
					"color": 0,
					"children": [
						0,
						1,
						2,
						3,
						4,
						5,
						6,
						7,
						8,
						9,
						10,
						11,
						12,
						13,
						14,
						15,
						16,
						17,
						18,
						19,
						20,
						21,
						22,
						23,
						24,
						25,
						26,
						27,
						28,
						29,
						30,
						31,
						32,
						33,
						34,
						35,
						36,
						37,
						38,
						39,
						40,
						41,
						42,
						43,
						44,
						45,
						46,
						47,
						48,
						49,
						50,
						51,
						52,
						53
					]
				},
				{
					"name": "внутр",
					"origin": [8, 8, 8],
					"color": 0,
					"children": [54, 55, 56, 57, 58, 59, 60, 61, 62, 63, 64, 65, 66, 67, 68, 69, 70, 71, 72, 73, 74, 75, 76, 77, 78, 79, 80, 81, 82, 83]
				}
			]
		}
	]
}