{
	"credit": "Made with Blockbench",
	"textures": {
		"0": "./white",
		"particle": "./white"
	},
	"elements": [
		{
			"from": [5.6, 1, 0.3],
			"to": [8.6, 3, 2.3],
			"faces": {
				"north": {"uv": [1.5, 3.75, 2.25, 4.25], "texture": "#0"},
				"east": {"uv": [1.25, 3.75, 1.5, 4.25], "texture": "#0"},
				"south": {"uv": [0, 0, 3, 2], "texture": "#missing"},
				"west": {"uv": [2.25, 3.75, 2.5, 4.25], "texture": "#0"},
				"up": {"uv": [1.5, 4.25, 2.25, 4.5], "texture": "#0"},
				"down": {"uv": [1.5, 0.25, 2.25, 2.25], "texture": "#0"}
			}
		},
		{
			"from": [5, 0, 6],
			"to": [9, 4, 13],
			"faces": {
				"north": {"uv": [8, 5.25, 9.5, 7.5], "texture": "#0"},
				"east": {"uv": [6, 9, 10, 11], "texture": "#0"},
				"south": {"uv": [6.5, 1.75, 7.5, 2.75], "texture": "#0"},
				"west": {"uv": [10, 2.5, 12, 3.25], "texture": "#0"},
				"up": {"uv": [6, 3, 7, 11], "texture": "#0"},
				"down": {"uv": [4, 3, 4.5, 4], "texture": "#0"}
			}
		},
		{
			"from": [4.6, 1, 1.3],
			"to": [9.6, 4, 6.3],
			"faces": {
				"north": {"uv": [1.25, 3.25, 2.5, 4], "texture": "#0"},
				"east": {"uv": [0.5, 3.25, 1.25, 4], "texture": "#0"},
				"south": {"uv": [9.25, 3, 9.75, 7], "texture": "#0"},
				"west": {"uv": [2.5, 3.25, 3.5, 4], "texture": "#0"},
				"up": {"uv": [0, 0, 5, 5], "texture": "#missing"},
				"down": {"uv": [1.5, 0.25, 2.25, 2.5], "texture": "#0"}
			}
		},
		{
			"from": [4.6, 4, 1.3],
			"to": [9.6, 5, 6.3],
			"faces": {
				"north": {"uv": [8, 7.25, 9.25, 8], "texture": "#0"},
				"east": {"uv": [0.5, 3, 1.25, 3.25], "texture": "#0"},
				"south": {"uv": [8.75, 4.25, 9.5, 6.25], "texture": "#0"},
				"west": {"uv": [2.5, 3, 3.25, 3.25], "texture": "#0"},
				"up": {"uv": [1.5, 2, 2.25, 3], "texture": "#0"},
				"down": {"uv": [0, 0, 5, 5], "texture": "#missing"}
			}
		},
		{
			"from": [7.5, 0, -0.2],
			"to": [9.5, 2, 6.8],
			"faces": {
				"north": {"uv": [8, 5.75, 10, 7.75], "texture": "#0"},
				"east": {"uv": [7.5, 8.5, 9, 9], "texture": "#0"},
				"south": {"uv": [0.25, 7.5, 0.75, 8], "texture": "#0"},
				"west": {"uv": [5, 8.5, 6.5, 9], "texture": "#0"},
				"up": {"uv": [6.5, 8.5, 5, 9], "rotation": 270, "texture": "#0"},
				"down": {"uv": [2.5, 2, 3.5, 2.5], "rotation": 90, "texture": "#0"}
			}
		},
		{
			"from": [4.7, 0, 0.1],
			"to": [6.7, 2, 7.1],
			"faces": {
				"north": {"uv": [8, 5.75, 10, 7.75], "texture": "#0"},
				"east": {"uv": [7.5, 8.5, 9, 9], "texture": "#0"},
				"south": {"uv": [0.25, 7.5, 0.75, 8], "texture": "#0"},
				"west": {"uv": [5, 8.5, 6.5, 9], "texture": "#0"},
				"up": {"uv": [6.5, 8.5, 5, 9], "rotation": 270, "texture": "#0"},
				"down": {"uv": [2.5, 2, 3.5, 2.5], "rotation": 90, "texture": "#0"}
			}
		},
		{
			"from": [8.1, 5, 4.3],
			"to": [9.1, 6, 6.3],
			"faces": {
				"north": {"uv": [2, 1, 1.75, 2], "texture": "#0"},
				"east": {"uv": [2, 1, 1.75, 2], "texture": "#0"},
				"south": {"uv": [2, 1, 1.75, 2], "texture": "#0"},
				"west": {"uv": [2, 1, 1.75, 2], "texture": "#0"},
				"up": {"uv": [2, 1, 1.75, 2], "texture": "#0"},
				"down": {"uv": [2, 1, 1.75, 2], "texture": "#0"}
			}
		},
		{
			"from": [5.1, 5, 4.3],
			"to": [6.1, 6, 6.3],
			"faces": {
				"north": {"uv": [1.25, 0.5, 2.25, 1.5], "texture": "#0"},
				"east": {"uv": [1.25, 0.5, 2.25, 1.5], "texture": "#0"},
				"south": {"uv": [1.25, 0.5, 2.25, 1.5], "texture": "#0"},
				"west": {"uv": [1.25, 0.5, 2.25, 1.5], "texture": "#0"},
				"up": {"uv": [1.25, 0.5, 2.25, 1.5], "texture": "#0"},
				"down": {"uv": [1.25, 0.5, 2.25, 1.5], "texture": "#0"}
			}
		},
		{
			"from": [4.4, 0, 7.5],
			"to": [6.4, 3, 12.5],
			"faces": {
				"north": {"uv": [6.25, 6.25, 8.25, 8.25], "texture": "#0"},
				"east": {"uv": [5.75, 9.75, 7, 10.25], "texture": "#0"},
				"south": {"uv": [7, 9.25, 7.5, 9.75], "texture": "#0"},
				"west": {"uv": [5.75, 9.25, 7, 9.75], "texture": "#0"},
				"up": {"uv": [7, 8.75, 5.75, 9.25], "rotation": 270, "texture": "#0"},
				"down": {"uv": [3.75, 3.25, 4.5, 4.25], "rotation": 90, "texture": "#0"}
			}
		},
		{
			"from": [7.6, -0.1, 7.5],
			"to": [9.6, 2.9, 12.5],
			"faces": {
				"north": {"uv": [6, 5, 8, 7], "texture": "#0"},
				"east": {"uv": [7.75, 9.75, 8.75, 10.25], "texture": "#0"},
				"south": {"uv": [7.25, 9.25, 7.75, 9.75], "texture": "#0"},
				"west": {"uv": [8.75, 9.25, 7.5, 9.75], "texture": "#0"},
				"up": {"uv": [8.75, 8.75, 7.75, 9.25], "rotation": 270, "texture": "#0"},
				"down": {"uv": [4, 3.25, 4.25, 4.25], "rotation": 90, "texture": "#0"}
			}
		},
		{
			"from": [6, 0, 13],
			"to": [7, 1, 14],
			"faces": {
				"north": {"uv": [6.75, 5.5, 7.75, 6.5], "texture": "#0"},
				"east": {"uv": [6.75, 5.5, 7.75, 6.5], "texture": "#0"},
				"south": {"uv": [6.75, 5.5, 7.75, 6.5], "texture": "#0"},
				"west": {"uv": [6.75, 5.5, 7.75, 6.5], "texture": "#0"},
				"up": {"uv": [6.75, 5.5, 7.75, 6.5], "texture": "#0"},
				"down": {"uv": [6.75, 5.5, 7.75, 6.5], "texture": "#0"}
			}
		},
		{
			"from": [4, 0, 14],
			"to": [6, 1, 15],
			"faces": {
				"north": {"uv": [6.5, 6.25, 8.5, 7.25], "texture": "#0"},
				"east": {"uv": [6.5, 6.25, 8.5, 7.25], "texture": "#0"},
				"south": {"uv": [6.5, 6.25, 8.5, 7.25], "texture": "#0"},
				"west": {"uv": [6.5, 6.25, 8.5, 7.25], "texture": "#0"},
				"up": {"uv": [6.5, 6.25, 8.5, 7.25], "texture": "#0"},
				"down": {"uv": [6.5, 6.25, 8.5, 7.25], "texture": "#0"}
			}
		},
		{
			"from": [3, 0, 9],
			"to": [4, 1, 14],
			"faces": {
				"north": {"uv": [7, 3.75, 8, 8.75], "texture": "#0"},
				"east": {"uv": [7, 3.75, 8, 8.75], "texture": "#0"},
				"south": {"uv": [7, 3.75, 8, 8.75], "texture": "#0"},
				"west": {"uv": [7, 3.75, 8, 8.75], "texture": "#0"},
				"up": {"uv": [7, 3.75, 8, 8.75], "texture": "#0"},
				"down": {"uv": [7, 3.75, 8, 8.75], "texture": "#0"}
			}
		}
	],
	"display": {
		"thirdperson_righthand": {
			"rotation": [46, -58, 8],
			"translation": [-1.25, 2.75, 2.5],
			"scale": [0.52, 0.52, 0.52]
		},
		"thirdperson_lefthand": {
			"rotation": [46, -58, 8],
			"translation": [-1.25, 2.75, 2.5],
			"scale": [0.52, 0.52, 0.52]
		},
		"firstperson_righthand": {
			"rotation": [46, -63, 8],
			"translation": [0.5, 3.75, 2.5],
			"scale": [0.52, 0.52, 0.52]
		},
		"firstperson_lefthand": {
			"rotation": [46, -63, 8],
			"translation": [0.5, 3.75, 2.5],
			"scale": [0.52, 0.52, 0.52]
		},
		"ground": {
			"translation": [0, 4, 0]
		},
		"gui": {
			"rotation": [0, 118, 0],
			"translation": [0, 4.25, 0]
		},
		"head": {
			"translation": [1, 14.75, 0.5],
			"scale": [1.1, 1.1, 1.1]
		},
		"fixed": {
			"rotation": [-92, 5, 0],
			"translation": [1, 0.75, -7]
		}
	},
	"groups": [
		{
			"name": "на шее",
			"origin": [8, 8, 8],
			"color": 1,
			"children": [0, 1, 2, 3, 4, 5, 6, 7, 8, 9]
		},
		10,
		11,
		12
	]
}