{
	"credit": "Made with Blockbench",
	"texture_size": [128, 160],
	"textures": {
		"0": "uno",
		"1": "yellow/yskip",
		"particle": "uno"
	},
	"elements": [
		{
			"from": [5.5, 7.5, 7.5],
			"to": [9.5, 13.5, 7.65],
			"faces": {
				"north": {"uv": [0, 0, 16, 16], "texture": "#0"},
				"east": {"uv": [0, 0, 0.0125, 0.625], "texture": "#0"},
				"south": {"uv": [0, 0, 16, 16], "texture": "#1"},
				"west": {"uv": [0, 0, 0, 0], "texture": "#0"},
				"up": {"uv": [0, 0, 0.5, 0.0125], "texture": "#0"},
				"down": {"uv": [0, 0, 0.5, 0.0125], "texture": "#0"}
			}
		}
	],
	"display": {
		"thirdperson_righthand": {
			"rotation": [50, 0, 0],
			"translation": [0.5, -0.5, 0.5],
			"scale": [1.5, 1.5, 1.5]
		},
		"thirdperson_lefthand": {
			"rotation": [50, 0, 0],
			"translation": [-0.35, -0.5, 0.25],
			"scale": [1.5, 1.5, 1.5]
		},
		"firstperson_righthand": {
			"scale": [1.5, 1.5, 1.5]
		},
		"firstperson_lefthand": {
			"scale": [1.5, 1.5, 1.5]
		},
		"ground": {
			"rotation": [90.5, 0, 0],
			"translation": [0, -4.5, 0],
			"scale": [1.5, 1.5, 1.5]
		},
		"gui": {
			"translation": [1.5, -6.25, 8.5],
			"scale": [2.5, 2.5, 1]
		},
		"fixed": {
			"rotation": [0, -180, 0],
			"translation": [-2, -8, -0.5],
			"scale": [4, 4, 4]
		}
	}
}